StartDate,EndDate,Progress,Duration (in seconds),Finished,RecordedDate,ResponseId,RecipientLastName,RecipientFirstName,RecipientEmail,ExternalReference,DistributionChannel,UserLanguage,Q1,Participant ID,Current classes,Current classes_4_TEXT,Previous classes,Previous classes_4_TEXT,OS,OS_4_TEXT,Computer age,Laptop issues,EssayProduceAGraph,EssayLearningR,EssayRBenefits,R use#1_1,R use#2_1,Anxiety#1_1,Anxiety#1_2,Anxiety#2_1,Anxiety#2_2,Computing programs#1_1,Computing programs#1_2,Computing programs#1_3,Computing programs#1_4,Computing programs#2_1,Computing programs#2_2,Computing programs#2_3,Computing programs#2_4,R skills#1_1,R skills#1_2,R skills#1_3,R skills#1_4,R skills#1_5,R skills#1_6,R skills#1_7,R skills#1_8,R skills#1_9,R skills#1_10,R skills#2_1,R skills#2_2,R skills#2_3,R skills#2_4,R skills#2_5,R skills#2_6,R skills#2_7,R skills#2_8,R skills#2_9,R skills#2_10,Math skills#1_1,Math skills#1_2,Math skills#1_3,Math skills#1_4,Math skills#1_5,Math skills#1_6,Math skills#1_7,Math skills#1_8,Math skills#2_1,Math skills#2_2,Math skills#2_3,Math skills#2_4,Math skills#2_5,Math skills#2_6,Math skills#2_7,Math skills#2_8,External help_1,External help_2,External help_3,Perseverance,Computer savviness,Effort,Engagement,Future classes#1_1,Future classes#2_1,Job search,Dream job,Age,Gender,Race,Ethnicity,Major,Academic standing,Categories_1,Categories_2,Categories_3,Categories_4,High school math,High school particip
Start Date,End Date,Progress,Duration (in seconds),Finished,Recorded Date,Response ID,Recipient Last Name,Recipient First Name,Recipient Email,External Data Reference,Distribution Channel,User Language,"Thank you for taking the time to participate in this survey!

 

Title of Project: Investigating pedagogical approaches for teaching quantitative and computational skills to non-math majors

Principal Investigator: Dr. Miguel Acevedo


Please read the information below carefully before you decide to participate in this research study. Your participation is voluntary.  You can decide not to participate or later decide to stop participating at any time without penalty or lose any benefits that would normally be expected.


	Purpose of the Study: The purpose of this research study is to investigate pedagogical approaches for teaching both computational and quantitative/statistical skills to non-math major undergraduate students.



	What will you be asked to do: You will be asked to answer questions regarding your experience with R and classes with quantitative components.



	Time Required:  It will take about 15 minutes to participate in the research.



	Research Benefits:  There are no direct benefits to you for being in this study. There may be a benefit to others depending on the results of this study.



	Research Risks: There are no risks or discomforts anticipated.



	Statement of Confidentiality: Your participation in this research is confidential.   Information collected about you will be stored in computers with security passwords or in locked filing cabinets. Only certain people have the legal right to review these research records, and they will protect the secrecy (confidentiality) of these records as much as the law allows.  These people include the researchers for this study, certain University of Florida officials, and the Institutional Review Board (IRB; an IRB is a group of people who are responsible for looking after the rights and welfare of people taking part in research). Otherwise your research records will not be released without your permission unless required by law or a court order.  The researchers will not share your name or other identifiable information about you if they publish, present, or share the results this research.     



	Who to contact if you have questions: Please contact Miguel Acevedo at (352) 846-0575 with questions or concerns about this study. 



	Voluntary Participation: Your decision to be in this research is voluntary. You do not have to do any study activities that you do not want to take part in.  You can stop at any time. If you decide you want to stop participating in the research, you can let the research team know or call the Principal Investigator at any time at (352) 846-0575.   If you choose not to take part, this will have no effect on you or your relationships with the University of Florida.  If you have any questions about your rights as a research subject, you can phone the Institutional Review Board at 352-273-9600.

Participation in the research implies that you have read the information in this form and consent to take part in the research. Please save a copy of this form for your records or future reference.

If you want to participate in this research study, select ""I consent"" below.  If you do not want to participate, you may simply close this window or select ""I do not consent"" below.",What is your unique participant ID generated using this link?,Which of the following courses using R are you taking this semester? - Selected Choice,Which of the following courses using R are you taking this semester? - Other - Text,Which of the following courses using R have you taken previously? - Selected Choice,Which of the following courses using R have you taken previously? - Other - Text,What type of operating system (OS) did you primarily use for this class? - Selected Choice,What type of operating system (OS) did you primarily use for this class? - Other - Text,Roughly how old is the computer you primarily used for this class?,"During this past semester, how often did problems with your primary laptop (e.g., battery life, slowness, connectivity issues, etc.) negatively impact your performance in this class?","Providing as much detail as you can, please describe how you would produce a graph for a lab report or presentation using whichever program or software you prefer if asked to do so today.",What challenges do you feel stand in your way for learning R?,What benefits do you see coming from using R or other programming languages?,Answer the following questions about your experiences with R before and after this semester. - Before this semester - How likely would you be to use R to analyze data?,Answer the following questions about your experiences with R before and after this semester. - After this semester - How likely would you be to use R to analyze data?,"  - Before this semester - How would you rate your anxiety surrounding computer programming tasks (e.g., using R)?",  - Before this semester - How would you rate your anxiety surrounding mathematical concepts and problems?,"  - After this semester - How would you rate your anxiety surrounding computer programming tasks (e.g., using R)?",  - After this semester - How would you rate your anxiety surrounding mathematical concepts and problems?,How would you rate your overall proficiency in the following programs? - Before this semester - R,"How would you rate your overall proficiency in the following programs? - Before this semester - Spreadsheets (e.g., Excel, GoogleSheets)","How would you rate your overall proficiency in the following programs? - Before this semester - Other coding languages (e.g., Python, C++, SAS, MATLAB, etc.)","How would you rate your overall proficiency in the following programs? - Before this semester - Graphical user interface-based (GUI) statistical software programs (e.g., JMP, Minitab, SPSS, etc.)",How would you rate your overall proficiency in the following programs? - After this semester - R,"How would you rate your overall proficiency in the following programs? - After this semester - Spreadsheets (e.g., Excel, GoogleSheets)","How would you rate your overall proficiency in the following programs? - After this semester - Other coding languages (e.g., Python, C++, SAS, MATLAB, etc.)","How would you rate your overall proficiency in the following programs? - After this semester - Graphical user interface-based (GUI) statistical software programs (e.g., JMP, Minitab, SPSS, etc.)",How would you rate your proficiency in the following skills in R? - Before this semester - Importing data,How would you rate your proficiency in the following skills in R? - Before this semester - Formatting data,How would you rate your proficiency in the following skills in R? - Before this semester - Plotting a figure,How would you rate your proficiency in the following skills in R? - Before this semester - Creating a for-loop,How would you rate your proficiency in the following skills in R? - Before this semester - Creating a function,How would you rate your proficiency in the following skills in R? - Before this semester - Using external packages in R,How would you rate your proficiency in the following skills in R? - Before this semester - Debugging and troubleshooting,How would you rate your proficiency in the following skills in R? - Before this semester - Annotating/documenting code,How would you rate your proficiency in the following skills in R? - Before this semester - Data summarization,How would you rate your proficiency in the following skills in R? - Before this semester - RMarkdown,How would you rate your proficiency in the following skills in R? - After this semester - Importing data,How would you rate your proficiency in the following skills in R? - After this semester - Formatting data,How would you rate your proficiency in the following skills in R? - After this semester - Plotting a figure,How would you rate your proficiency in the following skills in R? - After this semester - Creating a for-loop,How would you rate your proficiency in the following skills in R? - After this semester - Creating a function,How would you rate your proficiency in the following skills in R? - After this semester - Using external packages in R,How would you rate your proficiency in the following skills in R? - After this semester - Debugging and troubleshooting,How would you rate your proficiency in the following skills in R? - After this semester - Annotating/documenting code,How would you rate your proficiency in the following skills in R? - After this semester - Data summarization,How would you rate your proficiency in the following skills in R? - After this semester - RMarkdown,How would you rate your proficiency in the following quantitative skills? - Before this semester - Hypothesis testing and experimental design,"How would you rate your proficiency in the following quantitative skills? - Before this semester - Calculating measures of central tendency (e.g., mean, median) or variance","How would you rate your proficiency in the following quantitative skills? - Before this semester - Using statistical tests to compare means (e.g., ANOVA, t-test)",How would you rate your proficiency in the following quantitative skills? - Before this semester - Linear regression analysis,How would you rate your proficiency in the following quantitative skills? - Before this semester - Model output (parameter) interpretation,How would you rate your proficiency in the following quantitative skills? - Before this semester - Comparing fit among models,How would you rate your proficiency in the following quantitative skills? - Before this semester - Exploratory data analysis,How would you rate your proficiency in the following quantitative skills? - Before this semester - Relating ecological/biological questions to quantitative models,How would you rate your proficiency in the following quantitative skills? - After this semester - Hypothesis testing and experimental design,"How would you rate your proficiency in the following quantitative skills? - After this semester - Calculating measures of central tendency (e.g., mean, median) or variance","How would you rate your proficiency in the following quantitative skills? - After this semester - Using statistical tests to compare means (e.g., ANOVA, t-test)",How would you rate your proficiency in the following quantitative skills? - After this semester - Linear regression analysis,How would you rate your proficiency in the following quantitative skills? - After this semester - Model output (parameter) interpretation,How would you rate your proficiency in the following quantitative skills? - After this semester - Comparing fit among models,How would you rate your proficiency in the following quantitative skills? - After this semester - Exploratory data analysis,How would you rate your proficiency in the following quantitative skills? - After this semester - Relating ecological/biological questions to quantitative models,Answer the following questions about your level of ease in finding external help: - How comfortable do you feel with finding help from your classmates with R?,"Answer the following questions about your level of ease in finding external help: - How comfortable do you feel with finding help from the internet (e.g., YouTube videos, StackExchange, etc.) with R?","Answer the following questions about your level of ease in finding external help: - How comfortable do you feel using official R documentation (e.g., R help files, vignettes)?","In general, when faced with an issue in R, how long do you spend working on it before you give up trying to deal with it?","In general, how would you rate your level of technological proficiency?",How much effort was required to accomplish your level of performance in this course?,"In your opinion, in a typical week of class, how engaged were you in the course (e.g., watching/reading required material before class, attending lectures/labs, completing assignments, etc.)?",Answer the following question about your interest in future quantitative courses: - Before this semester - How interested are you in taking classes with quantitative content in the future?,Answer the following question about your interest in future quantitative courses: - After this semester - How interested are you in taking classes with quantitative content in the future?,To what degree do you think your R coding skills will be helpful in your future job search?,"How interested are you in a career that requires computational skills (i.e. uses R, Python, etc. regularly)?",How old are you?,How do you describe yourself?,Choose one or more races that you consider yourself to be,"Are you of Spanish, Hispanic, or Latino origin?",What is your major?,What is your current academic standing?,Indicate whether you fall into any of the following categories: - Transfer student,Indicate whether you fall into any of the following categories: - Nontraditional student,Indicate whether you fall into any of the following categories: - First generation student,Indicate whether you fall into any of the following categories: - Minority in STEM,Did your high school offer computer science/programming or advanced mathematics classes?,Did you take any computer science/programming or advanced mathematics classes in high school?
"{""ImportId"":""startDate"",""timeZone"":""America/Denver""}","{""ImportId"":""endDate"",""timeZone"":""America/Denver""}","{""ImportId"":""progress""}","{""ImportId"":""duration""}","{""ImportId"":""finished""}","{""ImportId"":""recordedDate"",""timeZone"":""America/Denver""}","{""ImportId"":""_recordId""}","{""ImportId"":""recipientLastName""}","{""ImportId"":""recipientFirstName""}","{""ImportId"":""recipientEmail""}","{""ImportId"":""externalDataReference""}","{""ImportId"":""distributionChannel""}","{""ImportId"":""userLanguage""}","{""ImportId"":""QID39""}","{""ImportId"":""QID9_TEXT""}","{""ImportId"":""QID10""}","{""ImportId"":""QID10_4_TEXT""}","{""ImportId"":""QID52""}","{""ImportId"":""QID52_4_TEXT""}","{""ImportId"":""QID15""}","{""ImportId"":""QID15_4_TEXT""}","{""ImportId"":""QID16""}","{""ImportId"":""QID17""}","{""ImportId"":""QID35_TEXT""}","{""ImportId"":""QID36_TEXT""}","{""ImportId"":""QID37_TEXT""}","{""ImportId"":""QID23#1_1""}","{""ImportId"":""QID23#2_1""}","{""ImportId"":""QID24#1_1""}","{""ImportId"":""QID24#1_2""}","{""ImportId"":""QID24#2_1""}","{""ImportId"":""QID24#2_2""}","{""ImportId"":""QID25#1_1""}","{""ImportId"":""QID25#1_2""}","{""ImportId"":""QID25#1_3""}","{""ImportId"":""QID25#1_4""}","{""ImportId"":""QID25#2_1""}","{""ImportId"":""QID25#2_2""}","{""ImportId"":""QID25#2_3""}","{""ImportId"":""QID25#2_4""}","{""ImportId"":""QID26#1_1""}","{""ImportId"":""QID26#1_2""}","{""ImportId"":""QID26#1_3""}","{""ImportId"":""QID26#1_4""}","{""ImportId"":""QID26#1_5""}","{""ImportId"":""QID26#1_6""}","{""ImportId"":""QID26#1_7""}","{""ImportId"":""QID26#1_8""}","{""ImportId"":""QID26#1_9""}","{""ImportId"":""QID26#1_10""}","{""ImportId"":""QID26#2_1""}","{""ImportId"":""QID26#2_2""}","{""ImportId"":""QID26#2_3""}","{""ImportId"":""QID26#2_4""}","{""ImportId"":""QID26#2_5""}","{""ImportId"":""QID26#2_6""}","{""ImportId"":""QID26#2_7""}","{""ImportId"":""QID26#2_8""}","{""ImportId"":""QID26#2_9""}","{""ImportId"":""QID26#2_10""}","{""ImportId"":""QID43#1_1""}","{""ImportId"":""QID43#1_11""}","{""ImportId"":""QID43#1_12""}","{""ImportId"":""QID43#1_13""}","{""ImportId"":""QID43#1_14""}","{""ImportId"":""QID43#1_2""}","{""ImportId"":""QID43#1_3""}","{""ImportId"":""QID43#1_15""}","{""ImportId"":""QID43#2_1""}","{""ImportId"":""QID43#2_11""}","{""ImportId"":""QID43#2_12""}","{""ImportId"":""QID43#2_13""}","{""ImportId"":""QID43#2_14""}","{""ImportId"":""QID43#2_2""}","{""ImportId"":""QID43#2_3""}","{""ImportId"":""QID43#2_15""}","{""ImportId"":""QID27_1""}","{""ImportId"":""QID27_2""}","{""ImportId"":""QID27_3""}","{""ImportId"":""QID28""}","{""ImportId"":""QID44""}","{""ImportId"":""QID30""}","{""ImportId"":""QID31""}","{""ImportId"":""QID46#1_1""}","{""ImportId"":""QID46#2_1""}","{""ImportId"":""QID33""}","{""ImportId"":""QID45""}","{""ImportId"":""QID8_TEXT""}","{""ImportId"":""QID6""}","{""ImportId"":""QID3""}","{""ImportId"":""QID2""}","{""ImportId"":""QID11_TEXT""}","{""ImportId"":""QID12""}","{""ImportId"":""QID14_1""}","{""ImportId"":""QID14_2""}","{""ImportId"":""QID14_3""}","{""ImportId"":""QID14_9""}","{""ImportId"":""QID40""}","{""ImportId"":""QID41""}"
4/9/24 8:17,4/9/24 8:24,100,420,TRUE,4/9/24 8:24,R_5vkLzSzutzu4UDw,,,,,anonymous,EN,"I consent, begin the study",f8fafe21,Other,ALS 6502,,,Mac,,2 - 4 years old,Sometimes,"I would use ggplot2 as the basis for generating most graphs, especially for bar plots. ","Especially for microbial ecology, there are plenty of tools but few ways in which to learn the statistics behind the tools. The basics have great documentation, but the more advanced statistics assumes you already have the knowledge.","R is widely used in statistics in biology. Scientific papers, colleagues, labs, and whole fields rely on R, sometimes exclusively.",Somewhat likely,Very likely,Low anxiety,High anxiety,Moderate anxiety,Very high anxiety,Slightly proficient,Slightly proficient,No proficiency,No proficiency,Moderately proficient,Slightly proficient,No proficiency,No proficiency,Slightly proficient,Slightly proficient,Moderately proficient,Slightly proficient,Slightly proficient,Very proficient,Moderately proficient,Slightly proficient,Moderately proficient,Slightly proficient,Moderately proficient,Slightly proficient,Very proficient,Slightly proficient,Slightly proficient,Extremely proficient,,Very proficient,Very proficient,Slightly proficient,Slightly proficient,Slightly proficient,Moderately proficient,Slightly proficient,Slightly proficient,No proficiency,Slightly proficient,Slightly proficient,Slightly proficient,Moderately proficient,Moderately proficient,Very proficient,Very proficient,Moderately proficient,Very proficient,Very proficient,Slightly comfortable,Very comfortable,Moderately comfortable,30 minutes - 1 hour,Slightly technologically proficient,High effort,Moderately engaged,Slightly interested,Very interested,Very helpful,Very interested,26,Male,White or Caucasian,No,Nematology,Graduate degree program,No,No,Yes,No,Yes,Yes
4/9/24 8:18,4/9/24 8:25,100,424,TRUE,4/9/24 8:25,R_1pLIiGdWYpdySND,,,,,anonymous,EN,"I consent, begin the study",c8d64cc7,Other,ALS6502,,,Mac,,0 - 2 years old,Rarely,I would download data and use ggplot in R to construct a graph ,was not taught step by step so it was overwhelming at first (not taught by teacher at UF) ,learning tech of the future is important! ,Somewhat unlikely,Very likely,Very high anxiety,Very high anxiety,Moderate anxiety,High anxiety,Slightly proficient,Very proficient,No proficiency,No proficiency,Moderately proficient,Very proficient,No proficiency,No proficiency,Moderately proficient,Slightly proficient,Slightly proficient,No proficiency,Slightly proficient,Slightly proficient,Slightly proficient,Slightly proficient,Slightly proficient,Slightly proficient,Extremely proficient,Moderately proficient,Moderately proficient,Moderately proficient,Moderately proficient,Moderately proficient,Moderately proficient,Moderately proficient,Moderately proficient,Moderately proficient,Slightly proficient,Slightly proficient,Slightly proficient,Slightly proficient,Slightly proficient,Slightly proficient,Slightly proficient,Slightly proficient,,Moderately proficient,Moderately proficient,Moderately proficient,Moderately proficient,Moderately proficient,Moderately proficient,Moderately proficient,Moderately comfortable,Extremely comfortable,Very comfortable,30 minutes - 1 hour,Moderately technologically proficient,Moderate effort,Very engaged,Not interested,Moderately interested,Extremely helpful,Very interested,22,Female,White or Caucasian,No,medical entomology ,Graduate degree program,No,No,No,Yes,No,
4/9/24 8:18,4/9/24 8:26,100,475,TRUE,4/9/24 8:26,R_7v9fFUje2SdgzZv,,,,,anonymous,EN,"I consent, begin the study",1f291513,Other,Linear models in agriculture & natural resources,,,Windows,,0 - 2 years old,Never,I would use ggplot in R,None,Ability to manipulate large datasets and track changes made to identify errors and adjust,Very likely,Very likely,High anxiety,High anxiety,High anxiety,High anxiety,,Moderately proficient,No proficiency,No proficiency,,Moderately proficient,No proficiency,No proficiency,Extremely proficient,Very proficient,Moderately proficient,Slightly proficient,Slightly proficient,Slightly proficient,Slightly proficient,Slightly proficient,Slightly proficient,Moderately proficient,Extremely proficient,Extremely proficient,Very proficient,Slightly proficient,Slightly proficient,Moderately proficient,Moderately proficient,Very proficient,Moderately proficient,Very proficient,Slightly proficient,Very proficient,Moderately proficient,Slightly proficient,Slightly proficient,Slightly proficient,Slightly proficient,Slightly proficient,Very proficient,Extremely proficient,Very proficient,Very proficient,Moderately proficient,Very proficient,Very proficient,Very proficient,Moderately comfortable,Moderately comfortable,Slightly comfortable,1 - 2 hours,Moderately technologically proficient,Moderate effort,Extremely engaged,Extremely interested,Extremely interested,Very helpful,Moderately interested,25,Female,Black or African American,No,Environmental Engineering Sciences,Graduate degree program,No,No,Yes,Yes,Yes,Yes
4/9/24 8:18,4/9/24 8:27,100,562,TRUE,4/9/24 8:27,R_7ieeC8aUvJdzPzS,,,,,anonymous,EN,"I consent, begin the study",15aff222,Other,Linear Models in Agriculture and Natural Resources,,,Windows,,6+ years old,Often,I would use GGPlot ,I often struggle to apply concepts to my own research. Some concepts are easily applied while others are not.,R is definitely better for organizing and manipulating data than excel or other spreadsheet processors.,Somewhat unlikely,Very likely,Moderate anxiety,Low anxiety,Low anxiety,Low anxiety,Slightly proficient,Extremely proficient,No proficiency,Slightly proficient,Moderately proficient,Extremely proficient,No proficiency,Slightly proficient,Extremely proficient,Slightly proficient,No proficiency,No proficiency,No proficiency,Moderately proficient,Slightly proficient,Slightly proficient,Moderately proficient,No proficiency,Extremely proficient,Moderately proficient,Moderately proficient,No proficiency,Moderately proficient,Moderately proficient,Moderately proficient,Very proficient,Moderately proficient,No proficiency,Moderately proficient,Extremely proficient,Moderately proficient,Very proficient,Moderately proficient,Moderately proficient,Very proficient,Very proficient,Very proficient,Extremely proficient,Very proficient,Extremely proficient,Very proficient,Very proficient,Extremely proficient,Very proficient,Moderately comfortable,Extremely comfortable,Extremely comfortable,30 minutes - 1 hour,Very technologically proficient,High effort,Very engaged,Very interested,Very interested,Extremely helpful,Very interested,30,Male,White or Caucasian,No,"Soil, Water, Ecosystems Sciences",Graduate degree program,No,No,No,No,No,
4/9/24 8:18,4/9/24 8:28,100,599,TRUE,4/9/24 8:28,R_1hNv4HKiASj7GzD,,,,,anonymous,EN,"I consent, begin the study",2d7b4a5f,Other,Linear Models,,,Windows,,0 - 2 years old,Rarely,"I would use the ggplot package in R and use whatever plot was appropriate for the data i.e. boxplot, etc. Or use base R and do some basic visualization. I think it would depend on the data, but my preference would be coding out something using ggplot in R. ",Time,"I see the benefit of being able to use R because it is a free software that is becoming more and more popular, meaning that it is hopefully a transferrable skill and makes data analysis and science over all more 'open'. Ideally someone with basic experience in R should be able to read my code and notations and understand the analysis I was trying to do, run that analysis, and even use parts of my code for their work if needed. ",Very likely,Very likely,Moderate anxiety,Moderate anxiety,Moderate anxiety,Moderate anxiety,Slightly proficient,Moderately proficient,Slightly proficient,No proficiency,Moderately proficient,Moderately proficient,Slightly proficient,No proficiency,Very proficient,Moderately proficient,Moderately proficient,Slightly proficient,Moderately proficient,Very proficient,Very proficient,Very proficient,Slightly proficient,Slightly proficient,Very proficient,Moderately proficient,Very proficient,Slightly proficient,Moderately proficient,Very proficient,Very proficient,Very proficient,Moderately proficient,Slightly proficient,Slightly proficient,Moderately proficient,Moderately proficient,No proficiency,Slightly proficient,Slightly proficient,Moderately proficient,Slightly proficient,Moderately proficient,Very proficient,Very proficient,Moderately proficient,Very proficient,Very proficient,Very proficient,Very proficient,Moderately comfortable,Very comfortable,Very comfortable,30 minutes - 1 hour,Moderately technologically proficient,Moderate effort,Very engaged,Very interested,Extremely interested,Moderately helpful,Moderately interested,26,Female,White or Caucasian,No,Forest Resources and Conservation,Graduate degree program,No,No,No,No,No,
4/9/24 8:18,4/9/24 8:29,100,653,TRUE,4/9/24 8:29,R_1o0kPuFdKBD3vNp,,,,,anonymous,EN,"I consent, begin the study",add496c8,Other,ALS6502C,,,Windows,,0 - 2 years old,Rarely,I would use excel. ,"i dont know the coding language 
","it's free
R is commonly used in ecology 
there are several resources for learning r ",,Very likely,,,Very high anxiety,Moderate anxiety,No proficiency,Moderately proficient,Slightly proficient,No proficiency,Moderately proficient,Moderately proficient,Slightly proficient,No proficiency,No proficiency,No proficiency,Slightly proficient,No proficiency,No proficiency,No proficiency,No proficiency,No proficiency,No proficiency,No proficiency,Extremely proficient,Moderately proficient,Very proficient,No proficiency,Extremely proficient,Extremely proficient,Moderately proficient,Extremely proficient,Extremely proficient,No proficiency,Moderately proficient,Moderately proficient,Moderately proficient,Moderately proficient,Moderately proficient,Very proficient,Slightly proficient,Slightly proficient,Very proficient,Extremely proficient,Extremely proficient,Extremely proficient,Extremely proficient,Very proficient,Extremely proficient,Extremely proficient,Moderately comfortable,Extremely comfortable,Extremely comfortable,1 - 2 hours,Slightly technologically proficient,Moderate effort,Very engaged,,Moderately interested,Very helpful,Not interested,24,Female,Other,Yes,entomology,Graduate degree program,No,No,Yes,Yes,No,
4/9/24 8:19,4/9/24 8:29,100,612,TRUE,4/9/24 8:29,R_1CwGu4RjMQOIRbD,,,,,anonymous,EN,"I consent, begin the study",79318020,Other,ALS 6093 & ALS 6502C,,,Windows,,2 - 4 years old,Never,Normally I would use excel because that is what I am used to.,R allows you to make some very detailed and minute changes to figures but it is not an intuitive system. It takes too many steps to move a title or legend slightly over when I could just highlight it and manually move it myself in other programs.,more detailed data analysis capabilities ,Somewhat likely,Very likely,High anxiety,Very high anxiety,High anxiety,Very high anxiety,Slightly proficient,Very proficient,No proficiency,No proficiency,Moderately proficient,Very proficient,No proficiency,No proficiency,Slightly proficient,Moderately proficient,Slightly proficient,No proficiency,No proficiency,Slightly proficient,Slightly proficient,Slightly proficient,Slightly proficient,No proficiency,Very proficient,Very proficient,Slightly proficient,No proficiency,No proficiency,Very proficient,Moderately proficient,Moderately proficient,Very proficient,No proficiency,Slightly proficient,Moderately proficient,Slightly proficient,Slightly proficient,No proficiency,No proficiency,Slightly proficient,No proficiency,Moderately proficient,Very proficient,Moderately proficient,Moderately proficient,Moderately proficient,Moderately proficient,Very proficient,Moderately proficient,Moderately comfortable,Very comfortable,Slightly comfortable,5 - 30 minutes,Moderately technologically proficient,Very high effort,Very engaged,Very interested,Very interested,Very helpful,Not interested,39,Female,Asian,Yes,Entomology,Graduate degree program,No,No,No,No,No,
4/9/24 8:18,4/9/24 8:31,100,775,TRUE,4/9/24 8:31,R_3Fem2NAQ7rCelfv,,,,,anonymous,EN,"I consent, begin the study",90ed4aea,Other,ALS6502C Linear Models in Agriculture and Natural Sciences,,,Mac,,6+ years old,Never,I would use excel for data entry and save the completed file as a csv. Then I would use R to produce a graph of the data. ,"Zero background in statistics and computer coding. I have taken R coding classes when I first started my program, but they were only moderately helpful. Most assume some level of understanding or background in how computers communicate, which I do not have. My statistics background is very limited and trying to translate a statistical question into a computer language proves more than a little difficult. ",It provides a powerful and malleable way to examine data. ,Somewhat likely,Very likely,Very high anxiety,Very high anxiety,Moderate anxiety,High anxiety,Slightly proficient,Extremely proficient,No proficiency,No proficiency,Moderately proficient,Extremely proficient,No proficiency,No proficiency,Slightly proficient,No proficiency,No proficiency,No proficiency,No proficiency,No proficiency,No proficiency,No proficiency,No proficiency,No proficiency,Moderately proficient,Moderately proficient,Moderately proficient,No proficiency,Moderately proficient,Very proficient,Moderately proficient,Very proficient,Moderately proficient,No proficiency,Moderately proficient,Slightly proficient,No proficiency,No proficiency,No proficiency,No proficiency,No proficiency,Slightly proficient,Extremely proficient,Very proficient,Moderately proficient,Moderately proficient,Moderately proficient,Moderately proficient,Moderately proficient,Very proficient,Slightly comfortable,Slightly comfortable,Not at all comfortable,7+ hours,Not technologically proficient,Very high effort,Extremely engaged,Slightly interested,Very interested,Extremely helpful,Extremely interested,37,Female,White or Caucasian,No,Entomology,Graduate degree program,,Yes,Yes,Yes,No,
4/9/24 8:19,4/9/24 8:32,100,785,TRUE,4/9/24 8:32,R_27lLXDTc6hVZ8yO,,,,,anonymous,EN,"I consent, begin the study",4c6f5a48,Other,Linear models Ag and Natural Resources (ALS6502C,,,Windows,,2 - 4 years old,Rarely,"Plotting histograms, box plots or scatter plots of the residuals after running your model by using gg plot package in R",Not being able to overcome some errors.,"It's easy to use R, and everything can be done. ",Neutral,Very likely,High anxiety,High anxiety,Low anxiety,Moderate anxiety,Moderately proficient,,No proficiency,No proficiency,Moderately proficient,,No proficiency,No proficiency,Very proficient,Moderately proficient,Moderately proficient,Slightly proficient,Moderately proficient,Moderately proficient,Slightly proficient,Moderately proficient,Moderately proficient,Slightly proficient,Very proficient,Moderately proficient,Very proficient,Moderately proficient,Moderately proficient,Moderately proficient,Slightly proficient,Moderately proficient,Moderately proficient,Moderately proficient,Moderately proficient,Moderately proficient,Moderately proficient,Moderately proficient,Moderately proficient,Moderately proficient,Moderately proficient,Moderately proficient,Moderately proficient,Moderately proficient,Moderately proficient,Moderately proficient,Moderately proficient,Moderately proficient,Moderately proficient,Moderately proficient,Moderately comfortable,Moderately comfortable,Moderately comfortable,2 - 7 hours,Moderately technologically proficient,Very high effort,Moderately engaged,Moderately interested,Moderately interested,Very helpful,Moderately interested,37,Female,Prefer not to say,No,Entomology,Graduate degree program,,,Yes,,No,
4/9/24 8:18,4/9/24 8:32,100,873,TRUE,4/9/24 8:33,R_3gokBKQFdkbsOgV,,,,,anonymous,EN,"I consent, begin the study",35215186,Other,ALS6502C,,,Windows,,2 - 4 years old,Rarely,"The first program in which I think to create a graph is excel, I find the pivot table and graphs very useful. The next program I can use is R. It could be more complicated but with the right code, the graphs are very explanatory","I don't want to learn R through memorize codes. I want to understand how to interpret or what kind of model to use for specific data. Also, sometimes the error in R are frustrating, due to different versions of the packages or something in the codes",It is the correct way to analyze data and present results. It is very powerful tool if we want to publish ,Somewhat likely,Very likely,Moderate anxiety,Very low anxiety,Low anxiety,Very low anxiety,Moderately proficient,Very proficient,Slightly proficient,Slightly proficient,Very proficient,Very proficient,Slightly proficient,Slightly proficient,Extremely proficient,Moderately proficient,Moderately proficient,Slightly proficient,Moderately proficient,Very proficient,Slightly proficient,Moderately proficient,Moderately proficient,Slightly proficient,Extremely proficient,Very proficient,Very proficient,Moderately proficient,Very proficient,Very proficient,Moderately proficient,Very proficient,Very proficient,Moderately proficient,Moderately proficient,Extremely proficient,Extremely proficient,Very proficient,Very proficient,Very proficient,Moderately proficient,Slightly proficient,Very proficient,Extremely proficient,Extremely proficient,Extremely proficient,Very proficient,Very proficient,Very proficient,Moderately proficient,Slightly comfortable,Very comfortable,Moderately comfortable,2 - 7 hours,Moderately technologically proficient,Moderate effort,Extremely engaged,Slightly interested,Very interested,Extremely helpful,Moderately interested,31,Female,Other,Yes,Entomology,Graduate degree program,No,No,No,No,No,
4/9/24 8:21,4/9/24 8:33,100,705,TRUE,4/9/24 8:33,R_1CeE72WmlYhZpDq,,,,,anonymous,EN,"I consent, begin the study",733d9b08,Other,ALS 6502C Linear Models in Agriculture and Natural Resources,,,Windows,,6+ years old,Sometimes,"I would take data outputs from R (ex. emmeans function) and create a table in excel, then use that table to create graphs. In my field, simple bar graphs are the gold standard. Making graphs in R is complicated, but it is very easy in excel.","A lot of the resources for getting help on R is very technical, even the package pages themselves. It feels very much like it was intended for statisticians and not average researchers.",R is open source and free. So there is a lot of support available.,Very likely,Very likely,High anxiety,Very high anxiety,Low anxiety,Moderate anxiety,Slightly proficient,Very proficient,No proficiency,No proficiency,Moderately proficient,Very proficient,No proficiency,No proficiency,Extremely proficient,Extremely proficient,Slightly proficient,No proficiency,Moderately proficient,Moderately proficient,Slightly proficient,Slightly proficient,Moderately proficient,No proficiency,Extremely proficient,Extremely proficient,Moderately proficient,No proficiency,Very proficient,Moderately proficient,Moderately proficient,Moderately proficient,Moderately proficient,No proficiency,Moderately proficient,Moderately proficient,Moderately proficient,Moderately proficient,Slightly proficient,No proficiency,Slightly proficient,Very proficient,Very proficient,Moderately proficient,Very proficient,Very proficient,Moderately proficient,Very proficient,Very proficient,Extremely proficient,Very comfortable,Slightly comfortable,Slightly comfortable,1 - 2 hours,Moderately technologically proficient,Low effort,Moderately engaged,Moderately interested,Moderately interested,Extremely helpful,Not interested,28,Prefer not to say,White or Caucasian,No,Entomology,Graduate degree program,No,No,No,No,Yes,Yes
4/9/24 8:19,4/9/24 8:33,100,847,TRUE,4/9/24 8:33,R_57HXSswlX5PeoId,,,,,anonymous,EN,"I consent, begin the study",9c82128f,Other,ALS6502C,,,Windows,,2 - 4 years old,Rarely,If the data is relatively simple to make a graph for I would use excel. If the data required a more complicated graph I would use R. ,Troubleshooting and remembering when and how to use specific commands in R to get results that are meaningful. ,It is more versatile and has a strong support group in the form of forums and packages. It is also free and constantly added upon. ,Very likely,Very likely,High anxiety,Very high anxiety,Moderate anxiety,High anxiety,Slightly proficient,Slightly proficient,No proficiency,Slightly proficient,Moderately proficient,Slightly proficient,No proficiency,Slightly proficient,Slightly proficient,No proficiency,Slightly proficient,No proficiency,No proficiency,Slightly proficient,Slightly proficient,Slightly proficient,Slightly proficient,No proficiency,Extremely proficient,Very proficient,Very proficient,Slightly proficient,Slightly proficient,Extremely proficient,Moderately proficient,Moderately proficient,Very proficient,Very proficient,No proficiency,Slightly proficient,Slightly proficient,Slightly proficient,No proficiency,No proficiency,No proficiency,No proficiency,Very proficient,Very proficient,Very proficient,Very proficient,Moderately proficient,Moderately proficient,Moderately proficient,Moderately proficient,Moderately comfortable,Very comfortable,Moderately comfortable,30 minutes - 1 hour,Slightly technologically proficient,High effort,Very engaged,Not interested,Moderately interested,Extremely helpful,Slightly interested,24,Female,White or Caucasian,Yes,Entomology,Graduate degree program,No,No,No,No,I'm not sure,No
4/9/24 8:18,4/9/24 8:34,100,942,TRUE,4/9/24 8:34,R_31X35qqhj1BGUPD,,,,,anonymous,EN,"I consent, begin the study",fa3f08de,Other,ALS6502c,,,Windows,,4 - 6 years old,Rarely,"Using R, I would use ggplot to develop a plot and code in themes to better visualize the data. For example, jitterplot, B/W, etc.",Gaining the experience to learn all that R has to offer.,Very powerful and can generate statistical data/graphs to help evaluate your project.,Very unlikely,Very likely,Moderate anxiety,Low anxiety,Very low anxiety,Low anxiety,No proficiency,Moderately proficient,No proficiency,No proficiency,Moderately proficient,Moderately proficient,No proficiency,No proficiency,No proficiency,No proficiency,No proficiency,No proficiency,No proficiency,No proficiency,No proficiency,No proficiency,No proficiency,No proficiency,Very proficient,Very proficient,Moderately proficient,No proficiency,Moderately proficient,Moderately proficient,Slightly proficient,Moderately proficient,Very proficient,No proficiency,Slightly proficient,Slightly proficient,Slightly proficient,No proficiency,No proficiency,No proficiency,Slightly proficient,No proficiency,Moderately proficient,Moderately proficient,Moderately proficient,Moderately proficient,Moderately proficient,Very proficient,Moderately proficient,Slightly proficient,Slightly comfortable,Moderately comfortable,Slightly comfortable,5 - 30 minutes,Very technologically proficient,Very high effort,Extremely engaged,Not interested,Moderately interested,Very helpful,Not interested,46,Male,"White or Caucasian,American Indian/Native American or Alaska Native",No,Entomology,Graduate degree program,No,Yes,Yes,No,Yes,No
4/9/24 8:18,4/9/24 8:37,100,1154,TRUE,4/9/24 8:37,R_334Nm7be5SPQTrb,,,,,anonymous,EN,"I consent, begin the study",e699be6d,Other,ALS6502C Linear Models in Agriculture and Natural Resources,,,Windows,,2 - 4 years old,Rarely,"I used to use Excel, using simple arrangements. I feel confident to use R using the function ggplot for example. ","Myself, I struggle to understand stats and how to interpret data and fit the right model, which is why I take the more stats classes I can, using R or SAS","Better understanding of data interpretation and better results quality, more trustable. ",Very unlikely,Very likely,Very high anxiety,Very high anxiety,Moderate anxiety,Moderate anxiety,No proficiency,Slightly proficient,Slightly proficient,No proficiency,Moderately proficient,Slightly proficient,Slightly proficient,No proficiency,Slightly proficient,Slightly proficient,No proficiency,No proficiency,Slightly proficient,Slightly proficient,Slightly proficient,No proficiency,Slightly proficient,No proficiency,Moderately proficient,Moderately proficient,Moderately proficient,Moderately proficient,Moderately proficient,Moderately proficient,Moderately proficient,Moderately proficient,Moderately proficient,Moderately proficient,Slightly proficient,Slightly proficient,Slightly proficient,Slightly proficient,Slightly proficient,Slightly proficient,Slightly proficient,Slightly proficient,Moderately proficient,Moderately proficient,Moderately proficient,Moderately proficient,Moderately proficient,Moderately proficient,Moderately proficient,Moderately proficient,Moderately comfortable,Extremely comfortable,Very comfortable,2 - 7 hours,Slightly technologically proficient,Moderate effort,Extremely engaged,Moderately interested,Extremely interested,Extremely helpful,Very interested,29,Female,Asian,Yes,Entomology,Graduate degree program,No,No,No,No,No,
4/9/24 8:21,4/9/24 8:41,100,1173,TRUE,4/9/24 8:41,R_3EDLcf2O6MbedE3,,,,,anonymous,EN,"I consent, begin the study",a0550c73,Other,ALS6502C - Linear Models Ag Nat Resc,,,Windows,,0 - 2 years old,Rarely,"I would use either R or Excel depending on the type of graph. If it was a boxplot, scatterplot, or graphing the means I would use R. I would make sure my data is cleaned and in a format that R could read (saved as a CSV to my jump drive). Then I would either use my laptop or the desktop at the lab to make an R file and save that to my jump drive as well. I would load in the data and use ggplot2 to make the plot. I would likely need to look up/review code to do so so I would either look at past code for other graphs I've made, or I would look at STHDA or another resource to find info on making basic plots in R. (I wish they had told me about STHDA in my stats class)",Translating the language - there are so many things you can do with it but when you first start out you cannot understand what is going on. ,Good reproducibility (easy to follow what you have done and do the same thing again). Lots of flexibility for making figures. Access to the most recent updates on statistical tests and models. ,Neutral,Very likely,Very high anxiety,High anxiety,Moderate anxiety,Moderate anxiety,Slightly proficient,Very proficient,No proficiency,Slightly proficient,Moderately proficient,Very proficient,No proficiency,Slightly proficient,Slightly proficient,Slightly proficient,No proficiency,No proficiency,Slightly proficient,Slightly proficient,No proficiency,Moderately proficient,Slightly proficient,No proficiency,Very proficient,Moderately proficient,Moderately proficient,Slightly proficient,Moderately proficient,Moderately proficient,Moderately proficient,Very proficient,Moderately proficient,No proficiency,Slightly proficient,Slightly proficient,Slightly proficient,Slightly proficient,Slightly proficient,Slightly proficient,Slightly proficient,Slightly proficient,Moderately proficient,Moderately proficient,Moderately proficient,Moderately proficient,Moderately proficient,Moderately proficient,Moderately proficient,Moderately proficient,Moderately comfortable,Moderately comfortable,Moderately comfortable,2 - 7 hours,Moderately technologically proficient,Moderate effort,Moderately engaged,Slightly interested,Moderately interested,Moderately helpful,Moderately interested,26,Female,White or Caucasian,No,Entomology,Graduate degree program,No,No,No,No,No,
4/9/24 8:21,4/9/24 8:42,100,1226,TRUE,4/9/24 8:42,R_7N4SA3eCRDRIYOx,,,,,anonymous,EN,"I consent, begin the study",57749d02,Other,ALS6502C - Linear Models Ag Nat Resc,,,Windows,,2 - 4 years old,Sometimes,I will be using ggplot in R to produce graph.,"Sometimes the codes does not work and there is error which I do not figure out. Like little errors which might not be able to find out without looking closely which could be just a comma or a period and the code does not. I feel I know less of R code and therefore the problem arises. I feel most of my challenges is because I might not have read the theories too well, the reason for using a particular code is very much necessary and I think that is one challenge I face, which is to some extend my fault. I feel it is very important to know R code and their usage rather than just see it as a software for running a bunch of codes through memorizing.","R can be wonderful, easy to analyze and plot data. A huge data can be analyzed in a minute. Randomization can be done and if we understand how to read the result, it makes life simple. Moreover, R is free and can be shared with people through the use of the working directory where people can work on it.",,Very likely,Moderate anxiety,Moderate anxiety,Low anxiety,Moderate anxiety,Slightly proficient,Moderately proficient,No proficiency,No proficiency,Very proficient,Very proficient,No proficiency,No proficiency,Very proficient,Moderately proficient,Moderately proficient,Moderately proficient,Moderately proficient,Moderately proficient,Moderately proficient,Slightly proficient,Moderately proficient,Moderately proficient,Very proficient,Very proficient,Very proficient,Moderately proficient,,Very proficient,Very proficient,Very proficient,Very proficient,Moderately proficient,Slightly proficient,Very proficient,Slightly proficient,No proficiency,No proficiency,No proficiency,Slightly proficient,No proficiency,Very proficient,Extremely proficient,Very proficient,Very proficient,Very proficient,Very proficient,Very proficient,Very proficient,Very comfortable,Moderately comfortable,Moderately comfortable,5 - 30 minutes,Moderately technologically proficient,Moderate effort,Very engaged,Moderately interested,Extremely interested,Extremely helpful,Very interested,32,Female,Asian,No,Wildlife Ecology and Conservation,Graduate degree program,No,No,No,No,Yes,No
4/9/24 8:20,4/9/24 8:48,100,1644,TRUE,4/9/24 8:48,R_5aVjeUAi798zEVb,,,,,anonymous,EN,"I consent, begin the study",8aa8de92,Other,ALS6502C - Linear Models Ag Nat Resc,,,Windows,,2 - 4 years old,Sometimes,"If asked to provide a graph, I would use R-studio. I still require additional help from my peers and PI, but using R-studio is somewhat easier for me to use instead of the graph/chart generators in Excel or PowerPoint. ","Currently, I haven't had a lot of time to focus on my course work. My current class using R programing is very beneficial/structured, but I do not feel I have had enough time to dedicate towards understanding some of the concepts. ","I think once someone gets familiar with R, or other programming languages, they are able to do things faster (e.g., call in data from various sources, find specific data points, etc.) than they were before. I have observed some of my more code-experienced peers do some really complex analysis/data organization through R-studio.",Somewhat unlikely,Very likely,High anxiety,Very high anxiety,Moderate anxiety,High anxiety,No proficiency,Moderately proficient,No proficiency,No proficiency,Slightly proficient,Moderately proficient,No proficiency,No proficiency,Slightly proficient,Slightly proficient,Slightly proficient,No proficiency,No proficiency,No proficiency,No proficiency,Moderately proficient,No proficiency,No proficiency,Moderately proficient,Moderately proficient,Moderately proficient,Slightly proficient,Slightly proficient,Slightly proficient,Slightly proficient,Very proficient,Slightly proficient,No proficiency,Slightly proficient,No proficiency,No proficiency,No proficiency,No proficiency,No proficiency,No proficiency,No proficiency,Slightly proficient,Slightly proficient,Slightly proficient,Slightly proficient,Slightly proficient,Slightly proficient,Slightly proficient,Slightly proficient,Slightly comfortable,Very comfortable,Moderately comfortable,30 minutes - 1 hour,Moderately technologically proficient,Moderate effort,Slightly engaged,Moderately interested,Slightly interested,Extremely helpful,Moderately interested,25,Female,Other,Yes,Entomology,Graduate degree program,No,No,Yes,Yes,I'm not sure,No
4/10/24 13:04,4/10/24 13:11,100,407,TRUE,4/10/24 13:11,R_73peVZh4La5o6Ft,,,,,anonymous,EN,"I consent, begin the study",b004b996,Other,none,,,Mac,,2 - 4 years old,Rarely,I would log in the data and use the plot function. ,It is memorization heavy. ,It is easier to build graphs or store data. ,Very unlikely,Neutral,Moderate anxiety,Moderate anxiety,Low anxiety,Moderate anxiety,No proficiency,Moderately proficient,No proficiency,No proficiency,Slightly proficient,Moderately proficient,No proficiency,No proficiency,No proficiency,No proficiency,No proficiency,No proficiency,No proficiency,No proficiency,No proficiency,No proficiency,No proficiency,No proficiency,Moderately proficient,Moderately proficient,Moderately proficient,Slightly proficient,Slightly proficient,Moderately proficient,Moderately proficient,Moderately proficient,Moderately proficient,Slightly proficient,Moderately proficient,Moderately proficient,Slightly proficient,Slightly proficient,Slightly proficient,Moderately proficient,Moderately proficient,Moderately proficient,Moderately proficient,Moderately proficient,Moderately proficient,Moderately proficient,Moderately proficient,Moderately proficient,Moderately proficient,Moderately proficient,Very comfortable,Very comfortable,Slightly comfortable,5 - 30 minutes,Slightly technologically proficient,Moderate effort,Moderately engaged,Moderately interested,Moderately interested,Slightly helpful,Not interested,20,Male,White or Caucasian,No,Wildlife Ecology,Junior,Yes,No,No,No,Yes,Yes
4/10/24 13:04,4/10/24 13:11,100,455,TRUE,4/10/24 13:11,R_75sID0OkdTXb0Bq,,,,,anonymous,EN,"I consent, begin the study",03729e35,Computational Problem Solving in Wildlife Ecology Using R (WIS 4934),,,,Windows,,0 - 2 years old,Sometimes,I would probably use ggplot in R,"The way R is taught in a lot of other classes, you’re given code to use, but it’s never fully explained. That’s been my biggest challenge in learning R, but this class helped a lot by starting with the basics",I feel like learning R in undergrad will help give me a leg up when I’m applying to graduate school. I also was able to get a job for post grad because I have experience working with coding,Somewhat likely,Very likely,High anxiety,Moderate anxiety,Moderate anxiety,Moderate anxiety,Slightly proficient,Moderately proficient,No proficiency,No proficiency,Moderately proficient,Moderately proficient,Slightly proficient,No proficiency,Moderately proficient,Slightly proficient,Slightly proficient,No proficiency,No proficiency,Slightly proficient,No proficiency,Moderately proficient,Slightly proficient,No proficiency,Very proficient,Moderately proficient,Very proficient,Moderately proficient,Moderately proficient,Moderately proficient,Moderately proficient,Very proficient,Moderately proficient,Slightly proficient,Moderately proficient,Moderately proficient,Moderately proficient,Slightly proficient,No proficiency,No proficiency,Moderately proficient,Moderately proficient,Moderately proficient,Moderately proficient,Moderately proficient,Moderately proficient,Slightly proficient,Slightly proficient,Moderately proficient,Moderately proficient,Slightly comfortable,Slightly comfortable,Moderately comfortable,2 - 7 hours,Moderately technologically proficient,Moderate effort,Moderately engaged,Moderately interested,Very interested,Very helpful,Very interested,21,Female,White or Caucasian,No,Zoology,Senior,No,No,Yes,Yes,No,
4/10/24 13:03,4/10/24 13:12,100,496,TRUE,4/10/24 13:12,R_3eW8VNnsLW6HeJX,,,,,anonymous,EN,"I consent, begin the study",e51ef7ce,Computational Problem Solving in Wildlife Ecology Using R (WIS 4934),,,,Windows,,0 - 2 years old,Never,"Create a vector of values, plot values using the best graph format for the data, use labels and heading for the axes","Mainly lack of motivation; I don't necessarily find myself uninterested in the material (I actually think it's pretty cool), I am just not the biggest fan of math generally and I found that bleeding into my participation/motivation a lot.",Better organization for projects needing code and more job opportunities; furthering education,Very unlikely,Very likely,Moderate anxiety,High anxiety,Low anxiety,Moderate anxiety,No proficiency,Very proficient,No proficiency,No proficiency,Moderately proficient,Very proficient,No proficiency,No proficiency,No proficiency,No proficiency,No proficiency,No proficiency,No proficiency,No proficiency,No proficiency,No proficiency,No proficiency,No proficiency,Extremely proficient,Very proficient,Extremely proficient,Slightly proficient,Moderately proficient,Extremely proficient,Moderately proficient,Extremely proficient,Extremely proficient,Moderately proficient,Extremely proficient,Extremely proficient,Moderately proficient,Extremely proficient,Moderately proficient,Very proficient,Very proficient,Moderately proficient,Extremely proficient,Extremely proficient,Moderately proficient,Extremely proficient,Moderately proficient,Very proficient,Very proficient,Very proficient,Slightly comfortable,Very comfortable,Very comfortable,30 minutes - 1 hour,Moderately technologically proficient,High effort,Slightly engaged,Slightly interested,Moderately interested,Very helpful,Not interested,21,Female,White or Caucasian,No,Wildlife Ecology and Conservation,Junior,Yes,No,Yes,No,Yes,Yes
4/10/24 13:03,4/10/24 13:12,100,524,TRUE,4/10/24 13:12,R_7mlPrSGp8kidN95,,,,,anonymous,EN,"I consent, begin the study",69375565,Computational Problem Solving in Wildlife Ecology Using R (WIS 4934),,,,Windows,,0 - 2 years old,Rarely,"I would organize the data properly , then determine which kind of graph is most appropriate, then i would use that graphing function on the data, and specify any  titles, colors, labels that i want. ",Being stressed about other classes definitely got in the way of me having the time to really sit down and properly learn some of the concepts.,They are definitely useful tools for carrying out very specific tasks. ,Very unlikely,Somewhat likely,High anxiety,Moderate anxiety,Low anxiety,Moderate anxiety,No proficiency,Slightly proficient,No proficiency,No proficiency,Slightly proficient,Moderately proficient,No proficiency,No proficiency,No proficiency,No proficiency,No proficiency,No proficiency,No proficiency,No proficiency,No proficiency,No proficiency,No proficiency,No proficiency,Slightly proficient,Slightly proficient,Slightly proficient,Slightly proficient,Slightly proficient,Slightly proficient,Slightly proficient,Slightly proficient,Slightly proficient,Slightly proficient,Slightly proficient,Moderately proficient,Moderately proficient,Slightly proficient,Slightly proficient,Slightly proficient,No proficiency,Slightly proficient,Moderately proficient,Moderately proficient,Moderately proficient,Moderately proficient,Moderately proficient,Moderately proficient,Moderately proficient,Moderately proficient,Slightly comfortable,Moderately comfortable,Slightly comfortable,5 - 30 minutes,Slightly technologically proficient,Moderate effort,Slightly engaged,Moderately interested,Very interested,Slightly helpful,Moderately interested,23,Prefer not to say,Other,No,NRC,Junior,Yes,,,,Yes,No
4/10/24 13:03,4/10/24 13:12,100,532,TRUE,4/10/24 13:12,R_2ZSuaQNPPfyTGgN,,,,,anonymous,EN,"I consent, begin the study",91165484,Computational Problem Solving in Wildlife Ecology Using R (WIS 4934),,,,Mac,,0 - 2 years old,Never,I would use one of the plot functions in R and change the necessary parameters for how I would like to present the data.,"Nothing really, other than just how much information there is out there. It can be hard to reduce this down to what is necessary for what I want to do since there is so much.",Programming is immensely important because computers can do things that the human brain cannot. This is important for things like processing large amounts of data or doing multiple tasks at once.,Somewhat likely,Very likely,Moderate anxiety,Moderate anxiety,Very low anxiety,Low anxiety,Slightly proficient,Moderately proficient,Slightly proficient,No proficiency,Very proficient,Moderately proficient,Very proficient,No proficiency,Moderately proficient,Slightly proficient,Moderately proficient,Slightly proficient,Moderately proficient,No proficiency,Moderately proficient,Very proficient,Moderately proficient,No proficiency,Extremely proficient,Extremely proficient,Extremely proficient,Extremely proficient,Extremely proficient,Extremely proficient,Extremely proficient,Extremely proficient,Extremely proficient,No proficiency,Moderately proficient,Slightly proficient,Slightly proficient,Slightly proficient,Slightly proficient,Slightly proficient,Slightly proficient,Slightly proficient,Very proficient,Very proficient,Slightly proficient,Slightly proficient,Slightly proficient,Slightly proficient,Slightly proficient,Slightly proficient,Very comfortable,Extremely comfortable,Extremely comfortable,2 - 7 hours,Very technologically proficient,Moderate effort,Moderately engaged,Extremely interested,Extremely interested,Extremely helpful,Extremely interested,28,Male,White or Caucasian,No,Biology,Senior,No,Yes,No,No,Yes,Yes
4/10/24 13:04,4/10/24 13:14,100,578,TRUE,4/10/24 13:14,R_2OE9s8nyG0uWyv4,,,,,anonymous,EN,"I consent, begin the study",83352107,Computational Problem Solving in Wildlife Ecology Using R (WIS 4934),,,,Windows,,2 - 4 years old,Rarely,"Make sure that you have all of the correct data stored for the graph needed (vector, data frame, etc.) then use whichever graph function correlated to the type of graph you need (histogram, boxplot, etc.). Then use main, xlab, ylab to label your graph. Then make sure to use figure captions for the graph. ","I am not very good with technology, and I sometimes had trouble seeing where I went wrong in my code. ",It helps in the future when applying for jobs if you know a computer programming language. It helps in research which is a big part of the wildlife field. ,Somewhat unlikely,Very likely,High anxiety,Moderate anxiety,Low anxiety,Moderate anxiety,No proficiency,Moderately proficient,No proficiency,No proficiency,Moderately proficient,Moderately proficient,Slightly proficient,No proficiency,No proficiency,No proficiency,No proficiency,No proficiency,No proficiency,No proficiency,No proficiency,No proficiency,No proficiency,No proficiency,Very proficient,Very proficient,Very proficient,Very proficient,Very proficient,Very proficient,Moderately proficient,Very proficient,Very proficient,Moderately proficient,Slightly proficient,Moderately proficient,Slightly proficient,Slightly proficient,Slightly proficient,Slightly proficient,No proficiency,Moderately proficient,Moderately proficient,Very proficient,Very proficient,Very proficient,Moderately proficient,Moderately proficient,Very proficient,Very proficient,Moderately comfortable,Moderately comfortable,Moderately comfortable,30 minutes - 1 hour,Slightly technologically proficient,Moderate effort,Moderately engaged,Moderately interested,Very interested,Very helpful,Moderately interested,19,Female,White or Caucasian,No,WEC,Sophomore,No,No,No,No,Yes,No
4/10/24 13:03,4/10/24 13:14,100,618,TRUE,4/10/24 13:14,R_59unD0LAH6gHbYp,,,,,anonymous,EN,"I consent, begin the study",eab4aff7,Computational Problem Solving in Wildlife Ecology Using R (WIS 4934),,,,Mac,,2 - 4 years old,Sometimes,"If I were asked to produce a graph using R, I would utilize base R (however, I think it would be beneficial if we used ggplot as it is more often used). Based on the type of graph needed, I would call the function (barplot, hist, etc.). I would then either put in the arguments for the data (x,y variables) and add axis labels and a graph title. Once I edit the graph to my liking (i.e. adding abline, adding legends, etc.), I would save the graph as a file and then export it to my computer.","Some challenges I foresee are getting into the nitty gritty of the statistical side of R as well as data cleaning. I hope to continue learning the quantitative side of R, so that I can better navigate research questions in the future. I also foresee a challenge of 'the use it or lose it' prerogative; I imagine if fail to use R after this semester for an extended period of time, I may struggle to restart. ","Some clear benefits include the data visualization, statistical tools, and overall efficiency within the programming. ",Somewhat likely,Very likely,High anxiety,Low anxiety,Low anxiety,Low anxiety,Slightly proficient,Moderately proficient,No proficiency,Slightly proficient,Very proficient,Moderately proficient,No proficiency,Slightly proficient,Moderately proficient,Slightly proficient,Slightly proficient,No proficiency,No proficiency,Slightly proficient,Slightly proficient,Moderately proficient,No proficiency,No proficiency,Extremely proficient,Moderately proficient,Very proficient,Moderately proficient,Moderately proficient,Very proficient,Moderately proficient,Extremely proficient,Moderately proficient,Slightly proficient,Slightly proficient,Moderately proficient,Slightly proficient,No proficiency,No proficiency,No proficiency,Moderately proficient,Slightly proficient,Moderately proficient,Extremely proficient,Moderately proficient,Moderately proficient,Moderately proficient,Moderately proficient,Very proficient,Moderately proficient,Very comfortable,Extremely comfortable,Moderately comfortable,30 minutes - 1 hour,Moderately technologically proficient,Moderate effort,Moderately engaged,Very interested,Very interested,Extremely helpful,Extremely interested,22,Female,White or Caucasian,No,Marine Sciences,Senior,No,No,No,No,Yes,Yes
4/10/24 13:03,4/10/24 13:14,100,657,TRUE,4/10/24 13:14,R_571lPzwWzzAdRIc,,,,,anonymous,EN,"I consent, begin the study",0b417575,"Computational Problem Solving in Wildlife Ecology Using R (WIS 4934),Quantitative Wildlife Ecology (WIS 4601)",,,,Windows,,0 - 2 years old,Rarely,"In Rstudio, I would:
-import the required data using read.table or read.csv depending on the file type
-define the parameters I desire as a dataset using data=somedata$example etc.
-use plot(data)",Time. There is so much to learn it feels like we only scratched the surface in this course,R is a useful tool for data analyzation. I hope it will be used in my future career ,Very unlikely,Somewhat likely,Low anxiety,Low anxiety,Very low anxiety,Low anxiety,No proficiency,Slightly proficient,No proficiency,No proficiency,Moderately proficient,Moderately proficient,No proficiency,No proficiency,No proficiency,No proficiency,No proficiency,No proficiency,No proficiency,No proficiency,No proficiency,No proficiency,No proficiency,No proficiency,Extremely proficient,Moderately proficient,Extremely proficient,Moderately proficient,Very proficient,Very proficient,Moderately proficient,Very proficient,Moderately proficient,Moderately proficient,Moderately proficient,Very proficient,Slightly proficient,No proficiency,No proficiency,No proficiency,Slightly proficient,Moderately proficient,Moderately proficient,Very proficient,Moderately proficient,Moderately proficient,Moderately proficient,Moderately proficient,Moderately proficient,Moderately proficient,Very comfortable,Extremely comfortable,Moderately comfortable,30 minutes - 1 hour,Very technologically proficient,Moderate effort,Moderately engaged,Not interested,Slightly interested,Very helpful,Slightly interested,28,Male,White or Caucasian,No,Wildlife Ecology and Conservation,Senior,Yes,,Yes,,No,
4/10/24 13:04,4/10/24 13:14,100,651,TRUE,4/10/24 13:14,R_3V7x1PnG1Chv3KW,,,,,anonymous,EN,"I consent, begin the study",14dbf9be,"Computational Problem Solving in Wildlife Ecology Using R (WIS 4934),Quantitative Wildlife Ecology (WIS 4601)",,,,Windows,,0 - 2 years old,Rarely,"I would use the ggplot2 package in R and the normal function for whatever graph desired (hist, barplot, etc.) with the variables (x,y), and labels for the main title, x-axis, and y-axis, and whatever desired colors. ",I'm not very tech-savy,"More job opportunities involving R
More possibilities for research and data analysis being able to use R",Somewhat likely,Very likely,Moderate anxiety,Low anxiety,Very low anxiety,Low anxiety,Slightly proficient,Moderately proficient,No proficiency,No proficiency,Very proficient,Moderately proficient,No proficiency,No proficiency,No proficiency,No proficiency,Slightly proficient,No proficiency,No proficiency,Slightly proficient,No proficiency,No proficiency,Slightly proficient,No proficiency,Very proficient,Very proficient,Very proficient,Very proficient,Very proficient,Very proficient,Very proficient,Very proficient,Very proficient,Slightly proficient,Slightly proficient,Very proficient,Slightly proficient,No proficiency,No proficiency,No proficiency,No proficiency,No proficiency,Moderately proficient,Very proficient,Moderately proficient,Moderately proficient,Moderately proficient,Moderately proficient,Moderately proficient,Moderately proficient,Moderately comfortable,Extremely comfortable,Slightly comfortable,1 - 2 hours,Slightly technologically proficient,Moderate effort,Very engaged,Slightly interested,Very interested,Extremely helpful,Very interested,20,Female,White or Caucasian,No,Wildlife Ecology and Conservation,Junior,No,No,No,No,No,
4/10/24 13:04,4/10/24 13:15,100,642,TRUE,4/10/24 13:15,R_3cjOxARLSIWnmIp,,,,,anonymous,EN,"I consent, begin the study",bee230f3,"Computational Problem Solving in Wildlife Ecology Using R (WIS 4934),Introduction to Wildlife Population Ecology (WIS 4501)",,,,Windows,,4 - 6 years old,Rarely,"Open R through the desktop application, upload the data (likely using read.csv), ensure the data looks correct using head() or another similar function, and use a graphing function like hist or plot to produce a graph with specifications to my liking (labels, colors, keys, etc).","When trying to troubleshoot or learn more information online, a lot of public forums or tutorials on R don't feel like they're aimed at beginners and require a lot of background knowledge about the program that I don't have. It can be difficult to get information outside of the classroom setting.","R is a good tool for analyzing data and is also used by a lot of agencies. Knowing how to use R (or similar programming languages) would help me be able to conduct research, work with data, and has the bonus of serving as a great bullet point on a CV.",Neutral,Very likely,Moderate anxiety,High anxiety,Very low anxiety,Low anxiety,Slightly proficient,Moderately proficient,No proficiency,No proficiency,Very proficient,Very proficient,No proficiency,No proficiency,Very proficient,Moderately proficient,Very proficient,No proficiency,Slightly proficient,Moderately proficient,No proficiency,Moderately proficient,Slightly proficient,No proficiency,Extremely proficient,Very proficient,Extremely proficient,Very proficient,Very proficient,Very proficient,Slightly proficient,Very proficient,Very proficient,Slightly proficient,Very proficient,Moderately proficient,Moderately proficient,Slightly proficient,Moderately proficient,Moderately proficient,Slightly proficient,Slightly proficient,Very proficient,Very proficient,Very proficient,Very proficient,Extremely proficient,Very proficient,Moderately proficient,Very proficient,Very comfortable,Not at all comfortable,Slightly comfortable,5 - 30 minutes,Moderately technologically proficient,Moderate effort,Moderately engaged,Moderately interested,Very interested,Extremely helpful,Extremely interested,20,Non-binary,White or Caucasian,No,Wildlife Ecology and Conservation,Senior,No,No,Yes,Yes,Yes,Yes
4/10/24 13:05,4/10/24 13:15,100,625,TRUE,4/10/24 13:15,R_7f66WPSyTQxBbd7,,,,,anonymous,EN,"I consent, begin the study",c5119a87,"Computational Problem Solving in Wildlife Ecology Using R (WIS 4934),Introduction to Wildlife Population Ecology (WIS 4501)",,,,Windows,,2 - 4 years old,Rarely,"Depends on the type of data I was working with, usually the stuff I'm given both at my work and in class would be stuff that I could likely sort out in excel and produce decent graphs in the powerpoint. If I knew a bit more about transferring data that I personally collect into R, then I would likely be more comfortable making graphs there. ",I still don't feel its as intuitive as I want it to be and there are a lot of commands to keep track of for coding exactly how I want to. There are many times where I feel like I perfectly understand what the questions asked of me are and I get the subject but I can't translate those thoughts to R,Definitely speeding up the processing of data and getting more meaningful results out of it once I become proficient enough at it. ,Very unlikely,Somewhat likely,Low anxiety,High anxiety,Very low anxiety,Moderate anxiety,Moderately proficient,Very proficient,No proficiency,No proficiency,Extremely proficient,Very proficient,No proficiency,No proficiency,Moderately proficient,Very proficient,Moderately proficient,Slightly proficient,No proficiency,Moderately proficient,Moderately proficient,Very proficient,Moderately proficient,Slightly proficient,Moderately proficient,Extremely proficient,Extremely proficient,Very proficient,Moderately proficient,Very proficient,Very proficient,Extremely proficient,Moderately proficient,Slightly proficient,Moderately proficient,Extremely proficient,Moderately proficient,Moderately proficient,Very proficient,Very proficient,Moderately proficient,Moderately proficient,Very proficient,Extremely proficient,Very proficient,Moderately proficient,Extremely proficient,Extremely proficient,Very proficient,Very proficient,Extremely comfortable,Moderately comfortable,Very comfortable,30 minutes - 1 hour,Very technologically proficient,Low effort,Very engaged,Very interested,Very interested,Extremely helpful,Extremely interested,22,Male,White or Caucasian,Yes,Wildlife Ecology & Conservation,Senior,No,No,Yes,Yes,I'm not sure,No
4/10/24 13:03,4/10/24 13:15,100,715,TRUE,4/10/24 13:15,R_6vHYVwYH9zK77CF,,,,,anonymous,EN,"I consent, begin the study",4f500035,Computational Problem Solving in Wildlife Ecology Using R (WIS 4934),,,,Windows,,2 - 4 years old,Rarely,"After creating a data frame or vector of my data in R, I would use functions such as plot(), hist(), scatter(), etc. to create my graph, depending on what type of graph I am trying to produce. ","The most challenging part is not having ample resources that I understand. Having the lectures from this course and a professor or TA to ask questions are both very valuable resources. Without them, figuring out code would be much harder in some instances. ","R is a great language to organize, analyze, and visually display data. If I ever conduct any research of my own, I would definitely choose R over other data analysis tools such as excel. ",Very unlikely,Very likely,Moderate anxiety,Moderate anxiety,Very low anxiety,Low anxiety,No proficiency,Very proficient,No proficiency,No proficiency,Very proficient,Very proficient,No proficiency,Slightly proficient,No proficiency,No proficiency,No proficiency,No proficiency,No proficiency,No proficiency,No proficiency,,No proficiency,No proficiency,Extremely proficient,Very proficient,Very proficient,Very proficient,Very proficient,Very proficient,Very proficient,Extremely proficient,Very proficient,Very proficient,Moderately proficient,Moderately proficient,Moderately proficient,Slightly proficient,Moderately proficient,Moderately proficient,Moderately proficient,Moderately proficient,Moderately proficient,Very proficient,Moderately proficient,Moderately proficient,Moderately proficient,Very proficient,Very proficient,Very proficient,Slightly comfortable,Very comfortable,Moderately comfortable,5 - 30 minutes,Very technologically proficient,Moderate effort,Very engaged,Moderately interested,Very interested,Extremely helpful,Very interested,21,Female,White or Caucasian,No,Marine Science,Junior,No,No,No,Yes,Yes,Yes
4/10/24 13:05,4/10/24 13:16,100,711,TRUE,4/10/24 13:16,R_7Jg9bWLGy9SjXuF,,,,,anonymous,EN,"I consent, begin the study",66c48d9a,Computational Problem Solving in Wildlife Ecology Using R (WIS 4934),,,,Windows,,2 - 4 years old,Sometimes,"I would evaluate what kind of data I have and what kind of question I'm investigating in order to decide which graph I want to use. I'd probably use R studio as my programming language, and I'd use several colors or patterns to help the graph become visually appealing. ","Understanding how to format different functions, when the best time for using different functions, and how to use the function to its fullest extent. ","Calculations, simplification, and visualization of data. It's just a big stats calculator that helps scientists analyze their data. ",Very unlikely,Somewhat likely,Very high anxiety,Very high anxiety,Moderate anxiety,High anxiety,No proficiency,Moderately proficient,No proficiency,No proficiency,Moderately proficient,Moderately proficient,No proficiency,No proficiency,Moderately proficient,Moderately proficient,Slightly proficient,No proficiency,No proficiency,No proficiency,No proficiency,No proficiency,No proficiency,No proficiency,Moderately proficient,Moderately proficient,Moderately proficient,Moderately proficient,Moderately proficient,Slightly proficient,Slightly proficient,Very proficient,Moderately proficient,Slightly proficient,Moderately proficient,Moderately proficient,Slightly proficient,Slightly proficient,No proficiency,No proficiency,No proficiency,No proficiency,Moderately proficient,Moderately proficient,Slightly proficient,Slightly proficient,No proficiency,Moderately proficient,Slightly proficient,Slightly proficient,Moderately comfortable,Slightly comfortable,Slightly comfortable,30 minutes - 1 hour,Slightly technologically proficient,Moderate effort,Very engaged,Slightly interested,Moderately interested,Extremely helpful,Moderately interested,21,Non-binary,"White or Caucasian,Asian",No,Wildlife Ecology and Conservation,Junior,No,No,No,Yes,I'm not sure,No
4/10/24 13:10,4/10/24 13:17,100,384,TRUE,4/10/24 13:17,R_7MMwN8miTt5C6Od,,,,,anonymous,EN,"I consent, begin the study",133752,Computational Problem Solving in Wildlife Ecology Using R (WIS 4934),,,,Mac,,0 - 2 years old,Rarely,,,,Neutral,Very likely,Moderate anxiety,Low anxiety,Low anxiety,Low anxiety,No proficiency,Moderately proficient,No proficiency,No proficiency,Very proficient,Moderately proficient,Moderately proficient,No proficiency,No proficiency,No proficiency,No proficiency,No proficiency,No proficiency,No proficiency,No proficiency,No proficiency,No proficiency,No proficiency,Extremely proficient,Extremely proficient,Very proficient,Very proficient,Very proficient,Extremely proficient,Moderately proficient,Very proficient,Moderately proficient,Moderately proficient,Slightly proficient,No proficiency,No proficiency,No proficiency,No proficiency,No proficiency,No proficiency,Moderately proficient,Very proficient,Moderately proficient,Moderately proficient,Moderately proficient,Very proficient,Very proficient,Moderately proficient,Very proficient,Very comfortable,Extremely comfortable,Extremely comfortable,1 - 2 hours,Very technologically proficient,Moderate effort,Extremely engaged,,,Very helpful,Very interested,21,Male,White or Caucasian,No,Wildlife Ecology & Conservation,Junior,Yes,No,No,No,Yes,Yes
4/10/24 13:07,4/10/24 13:19,100,739,TRUE,4/10/24 13:19,R_5Fgr5aeaA8z050Z,,,,,anonymous,EN,"I consent, begin the study",5432ef61,Computational Problem Solving in Wildlife Ecology Using R (WIS 4934),,,,Mac,,0 - 2 years old,Never,"If asked to produce a graph for a lab report, I would most likely use R or Microsoft excel, depending on the format of the data. I feel comfortable uploading data to R, and then turning it into a presentable graph with labeled axes, title, legend, and any other component necessary.","I feel like it is sometimes hard to figure out the best way to organize my R code, but as long as I keep my mind to it and use resources available like lectures, cheat sheets, and the internet I will be able to figure things out.","I see major benefits when it comes to applying for internships and jobs, as well as for my professional career when I will be doing data analysis. Learning R has been worth the time and effort in this class.",Very unlikely,Somewhat likely,High anxiety,Moderate anxiety,Low anxiety,Low anxiety,Slightly proficient,Moderately proficient,No proficiency,No proficiency,Moderately proficient,Very proficient,No proficiency,No proficiency,Slightly proficient,Slightly proficient,Slightly proficient,No proficiency,No proficiency,Slightly proficient,No proficiency,Slightly proficient,No proficiency,No proficiency,Very proficient,Moderately proficient,Very proficient,Slightly proficient,Moderately proficient,Very proficient,Very proficient,Very proficient,Moderately proficient,Slightly proficient,Moderately proficient,Very proficient,Slightly proficient,Slightly proficient,Slightly proficient,No proficiency,Moderately proficient,Slightly proficient,Very proficient,Very proficient,Moderately proficient,Moderately proficient,Very proficient,Slightly proficient,Moderately proficient,Very proficient,Moderately comfortable,Very comfortable,Very comfortable,30 minutes - 1 hour,Moderately technologically proficient,High effort,Very engaged,Moderately interested,Extremely interested,Extremely helpful,Moderately interested,22,Male,White or Caucasian,Yes,Wildlife Ecology and Conservation,Senior,No,No,No,Yes,Yes,No
4/11/24 11:51,4/11/24 12:06,100,949,TRUE,4/11/24 12:06,R_1QSfKRNQck51qlm,,,,,anonymous,EN,"I consent, begin the study",f3cf9d00,Quantitative Wildlife Ecology (WIS 4601),,,,Windows,,0 - 2 years old,Rarely,"I would likely use R or Excel, but it depends on the dataset and the context of the presentation/report.",Maybe time available to practice,"R is a lot more streamlined than other computing software so it can speed up the data analysis aspect of research. Also, plugins like ggplot can make nicer-looking graphs for presentations.",Very unlikely,Somewhat likely,Low anxiety,Very low anxiety,Very low anxiety,Very low anxiety,No proficiency,Very proficient,Slightly proficient,No proficiency,Very proficient,Very proficient,Slightly proficient,No proficiency,No proficiency,No proficiency,No proficiency,No proficiency,No proficiency,No proficiency,No proficiency,No proficiency,No proficiency,No proficiency,Extremely proficient,Extremely proficient,Very proficient,Moderately proficient,Very proficient,Very proficient,Very proficient,Extremely proficient,Extremely proficient,No proficiency,Very proficient,Very proficient,Very proficient,Slightly proficient,Slightly proficient,Moderately proficient,Moderately proficient,Slightly proficient,Very proficient,Extremely proficient,Extremely proficient,Very proficient,Very proficient,Extremely proficient,Very proficient,Moderately proficient,Moderately comfortable,Very comfortable,Moderately comfortable,1 - 2 hours,Very technologically proficient,Moderate effort,Moderately engaged,Slightly interested,Very interested,Moderately helpful,Moderately interested,21,Female,White or Caucasian,No,Wildlife Ecology and Conservation,Junior,No,No,No,No,Yes,Yes
4/11/24 12:00,4/11/24 12:09,100,526,TRUE,4/11/24 12:09,R_7lQgiGGPh6g83Nu,,,,,anonymous,EN,"I consent, begin the study",683fd65d,Quantitative Wildlife Ecology (WIS 4601),,,,Mac,,2 - 4 years old,Sometimes,"Before this class I definitely would have used excel to generate graphs. However, due to the greater quality as well as control, all of which I have learned in class, I would now us R, specifically ggplot, to generate these graphs. The exact process that I would use would be dependent on the context of the graph that I would be making.   ",None. ,Greater ability to be prepared for the workforce as well as candidate for hire. I have a greater understanding of statistics as well. ,Very unlikely,Very likely,Moderate anxiety,Moderate anxiety,Low anxiety,Low anxiety,No proficiency,Moderately proficient,Slightly proficient,Moderately proficient,Moderately proficient,Moderately proficient,Slightly proficient,Moderately proficient,No proficiency,No proficiency,No proficiency,No proficiency,No proficiency,No proficiency,No proficiency,No proficiency,No proficiency,No proficiency,Moderately proficient,Moderately proficient,Moderately proficient,No proficiency,Moderately proficient,Moderately proficient,Moderately proficient,Moderately proficient,Moderately proficient,No proficiency,Moderately proficient,Very proficient,Moderately proficient,Very proficient,Moderately proficient,Slightly proficient,Moderately proficient,Slightly proficient,Very proficient,Very proficient,Very proficient,Very proficient,Very proficient,Very proficient,Moderately proficient,Moderately proficient,Moderately comfortable,Very comfortable,Slightly comfortable,2 - 7 hours,Moderately technologically proficient,Moderate effort,Very engaged,Slightly interested,Moderately interested,Very helpful,Moderately interested,22,Male,White or Caucasian,No,Natural Resource Conservation ,Senior,No,No,No,No,Yes,Yes
4/11/24 11:59,4/11/24 12:10,100,639,TRUE,4/11/24 12:10,R_6rBCPF0SZa5v6Ij,,,,,anonymous,EN,"I consent, begin the study",5d3d9aa0,Quantitative Wildlife Ecology (WIS 4601),,,,Windows,,2 - 4 years old,Rarely,"If given the choice, I would produce a graph in Excel for a lab report or presentation. I would have the data in the excel sheet and using the graphing functions on Excel to produce a graph by highlighting the data I want displayed. I would then change the way the graph looks using the editing tools.",I don't face significant challenges in learning R. I may be able to learn it better if I took another course on it just for more experience.,R simplifies some statistical analysis and can make nice figures. I am more confident in Excel but can see that learning R is a beneficial skill for me. It will make me more hire-able and competent in the field.,Somewhat unlikely,Neutral,High anxiety,Moderate anxiety,Low anxiety,Low anxiety,Slightly proficient,Very proficient,No proficiency,No proficiency,Moderately proficient,Very proficient,No proficiency,No proficiency,Extremely proficient,Slightly proficient,Moderately proficient,No proficiency,No proficiency,Slightly proficient,Slightly proficient,Moderately proficient,Very proficient,No proficiency,Extremely proficient,Moderately proficient,Very proficient,No proficiency,Moderately proficient,Slightly proficient,Very proficient,Extremely proficient,Extremely proficient,No proficiency,Extremely proficient,Extremely proficient,Extremely proficient,Moderately proficient,Moderately proficient,Slightly proficient,Moderately proficient,Extremely proficient,Extremely proficient,Extremely proficient,Extremely proficient,Very proficient,Extremely proficient,Very proficient,Very proficient,Extremely proficient,Very comfortable,Extremely comfortable,Slightly comfortable,5 - 30 minutes,Moderately technologically proficient,Moderate effort,Very engaged,Not interested,Slightly interested,Extremely helpful,Moderately interested,21,Female,White or Caucasian,No,Wildlife Ecology and Conservation,Junior,No,No,No,No,Yes,Yes
4/11/24 11:51,4/11/24 12:11,100,1177,TRUE,4/11/24 12:11,R_3DUpGnrCnM6kSXd,,,,,anonymous,EN,"I consent, begin the study",c162606b,"Quantitative Wildlife Ecology (WIS 4601),Other",WIS3553C,,,Windows,,2 - 4 years old,Rarely,,"I think the fast paced environment of a university level class makes it hard to retain the information for when it is needed. Since we're learning so much code in little time, it is sometimes hard to remember how to code what's needed, but I am able to remember the process.",I want to keep pursuing research. Knowing how to use R ensures a competitive edge against other applicants and ensures independence in my own future projects.,Somewhat unlikely,Somewhat likely,Moderate anxiety,Moderate anxiety,Moderate anxiety,Low anxiety,Slightly proficient,Very proficient,No proficiency,No proficiency,Moderately proficient,Very proficient,No proficiency,No proficiency,Very proficient,Slightly proficient,Slightly proficient,No proficiency,No proficiency,Extremely proficient,Slightly proficient,No proficiency,Moderately proficient,Moderately proficient,Extremely proficient,Moderately proficient,Extremely proficient,Moderately proficient,Slightly proficient,Very proficient,Very proficient,Extremely proficient,Very proficient,Moderately proficient,Slightly proficient,Moderately proficient,Slightly proficient,Slightly proficient,Very proficient,Very proficient,No proficiency,Very proficient,Very proficient,Extremely proficient,Extremely proficient,Very proficient,Extremely proficient,Extremely proficient,Moderately proficient,Very proficient,Very comfortable,Moderately comfortable,Extremely comfortable,1 - 2 hours,Moderately technologically proficient,High effort,Extremely engaged,Very interested,Extremely interested,Extremely helpful,Extremely interested,21,Female,White or Caucasian,Yes,wildlife ecology and conservation,Junior,No,No,Yes,Yes,No,
4/11/24 12:05,4/11/24 12:14,100,552,TRUE,4/11/24 12:14,R_2Ol7xldeeSYWv1n,,,,,anonymous,EN,"I consent, begin the study",d7b08ae3,Quantitative Wildlife Ecology (WIS 4601),,,,Windows,,2 - 4 years old,Sometimes,"Typically I use Excel to produce graphs because I like being able to customize them without coding for it. This has worked in the past for me for simple graphs such as bar plots, scatterplots, etc. However, if it were a more complicated graph or one that involved more variables than I know how to input in Excel, I'd likely use RStudio on Posit Cloud. ","Lack of exposure. Outside of class and some of my research, I don't use it frequently, so it fades away.",I see the benefit in reducing human error through hand calculations or calculations in a spreadsheet program where a person could forget to highlight certain cells or make other mistakes. It's also much quicker because you can automate certain tasks and create formulas so you're not retyping the same thing many times. ,Somewhat unlikely,Somewhat likely,Very high anxiety,Very high anxiety,Moderate anxiety,Moderate anxiety,Slightly proficient,Moderately proficient,No proficiency,No proficiency,Moderately proficient,Moderately proficient,No proficiency,No proficiency,No proficiency,No proficiency,Slightly proficient,No proficiency,No proficiency,Moderately proficient,No proficiency,No proficiency,Slightly proficient,No proficiency,Very proficient,Very proficient,Moderately proficient,No proficiency,Moderately proficient,Moderately proficient,Slightly proficient,Very proficient,Moderately proficient,No proficiency,Moderately proficient,Slightly proficient,No proficiency,Slightly proficient,No proficiency,No proficiency,No proficiency,Slightly proficient,Moderately proficient,Very proficient,Moderately proficient,Very proficient,Very proficient,Very proficient,Moderately proficient,Moderately proficient,Very comfortable,Very comfortable,Slightly comfortable,5 - 30 minutes,Slightly technologically proficient,Moderate effort,Moderately engaged,Moderately interested,Extremely interested,Very helpful,Very interested,21,Female,White or Caucasian,No,Natural Resource Conservation,Senior,No,No,No,No,No,
4/11/24 12:00,4/11/24 12:16,100,992,TRUE,4/11/24 12:16,R_2xHAeFsrQg2oZfb,,,,,anonymous,EN,"I consent, begin the study",3d22f136,Quantitative Wildlife Ecology (WIS 4601),,,,Windows,,2 - 4 years old,Rarely,"Typically, I would make a graph in Excel, since the program easily allows for one to construct a graph from a table. However, since I have been using R, I've found that it is also helpful for constructing graphs, which are typically done using a function that pulls data from a table. ","I do not feel that there are many major challenges for me in learning R, I would say there may be certain knowledge gaps since I am still in the process of really learning how to use the program for statistical purposes.","One benefit from using R is that it may help me in future careers, especially those related to studying wildlife populations, since R is an excellent tool for modeling wildlife populations and running statistical tests on those populations.  ",Neutral,Somewhat likely,Moderate anxiety,Moderate anxiety,Low anxiety,Low anxiety,Slightly proficient,Moderately proficient,No proficiency,No proficiency,Moderately proficient,Moderately proficient,No proficiency,No proficiency,Slightly proficient,Slightly proficient,Slightly proficient,No proficiency,No proficiency,Slightly proficient,Slightly proficient,Moderately proficient,Slightly proficient,No proficiency,Very proficient,Moderately proficient,Very proficient,No proficiency,Moderately proficient,Very proficient,Moderately proficient,Very proficient,Moderately proficient,No proficiency,Moderately proficient,Slightly proficient,Slightly proficient,No proficiency,No proficiency,No proficiency,Slightly proficient,Slightly proficient,Very proficient,Moderately proficient,Moderately proficient,Moderately proficient,Moderately proficient,Moderately proficient,Moderately proficient,Moderately proficient,Very comfortable,Very comfortable,Very comfortable,1 - 2 hours,Moderately technologically proficient,Moderate effort,Very engaged,Not interested,Moderately interested,Very helpful,Moderately interested,22,Male,White or Caucasian,No,Wildlife Ecology and Conservation,Senior,Yes,,,,Yes,Yes
4/11/24 12:00,4/11/24 12:18,100,1044,TRUE,4/11/24 12:18,R_2UaWOwp9FIrovbn,,,,,anonymous,EN,"I consent, begin the study",cbee50e6,Quantitative Wildlife Ecology (WIS 4601),,,,Windows,,0 - 2 years old,Sometimes,I would base how I produce the graph off of the information being presented in the report/presentation. I feel comfortable enough with R now to make pretty simple graphs and feel like I would be able to look up pieces of code to plug into my script as needed for simple tasks like changing dot symbols or colors. I feel like anything requiring more complex formatting would be much more difficult and frustrating if I was expected to do it alone. I would likely seek out mentors or tutors for assistance. Any manual adjustments to visual data I would likely draw myself on my iPad through the Procreate app since I feel more confident in my drawing skills than my coding skills.,"The man challenges I feel are things like User Interface difficulties and vocabulary difficulties. I feel that often when I try to look up how to solve an issue in code, the answer provided often has code pieces in it that I am not familiar with that are not explained and I then have to try and track that information down. I am a visual learner and being able to define what each portion of the code does to the final product is very helpful, so blocking out pieces and defining them is very helpful like “ the section between these parentheses adjusts the color of the line” and highlighting that portion of the code.","I feel like R and other programming languages will be very beneficial for digital science communication as they provide avenues of visual organization that are much easier for people to read, and is significantly faster to create than manual drawings.",Very unlikely,Somewhat likely,Very high anxiety,Very high anxiety,Moderate anxiety,Moderate anxiety,No proficiency,Slightly proficient,No proficiency,Slightly proficient,Moderately proficient,Slightly proficient,No proficiency,Slightly proficient,No proficiency,No proficiency,No proficiency,No proficiency,No proficiency,No proficiency,No proficiency,No proficiency,No proficiency,No proficiency,Moderately proficient,Moderately proficient,Moderately proficient,No proficiency,Moderately proficient,Moderately proficient,Slightly proficient,Very proficient,Slightly proficient,No proficiency,Very proficient,Moderately proficient,Slightly proficient,No proficiency,No proficiency,No proficiency,No proficiency,No proficiency,Extremely proficient,Very proficient,Moderately proficient,Moderately proficient,Slightly proficient,Moderately proficient,Slightly proficient,Moderately proficient,Very comfortable,Moderately comfortable,Slightly comfortable,30 minutes - 1 hour,Slightly technologically proficient,Moderate effort,Extremely engaged,Not interested,Moderately interested,Very helpful,Moderately interested,24,Prefer not to say,White or Caucasian,No,Wildlife Ecology and Conservation,Junior,Yes,Yes,No,Yes,No,
4/11/24 12:00,4/11/24 12:20,100,1205,TRUE,4/11/24 12:20,R_7OGelKkRFHeCU6t,,,,,anonymous,EN,"I consent, begin the study",89184849,Quantitative Wildlife Ecology (WIS 4601),,,,Windows,,2 - 4 years old,Rarely,Depending on the nature of the graph I could use r coding such as ggplot functions to create a graph of I could put data into excel and create a graph through that.,I wish I had more time to dedicate to coding. I’ve been so busy with school and extracurriculars that it’s hard for me to take the time I’d like to go through the worksheets and really learn and understand the code to the best of my abilities.,I think R can assess large data sets or run computations significantly faster and more efficiently than a person could do manually.,Somewhat unlikely,Somewhat likely,Very high anxiety,High anxiety,Moderate anxiety,Moderate anxiety,Slightly proficient,Moderately proficient,No proficiency,No proficiency,Moderately proficient,Moderately proficient,No proficiency,No proficiency,Slightly proficient,Slightly proficient,No proficiency,No proficiency,No proficiency,No proficiency,Slightly proficient,Slightly proficient,No proficiency,No proficiency,Extremely proficient,Very proficient,Very proficient,Moderately proficient,Moderately proficient,Moderately proficient,Very proficient,Extremely proficient,Moderately proficient,No proficiency,Moderately proficient,Slightly proficient,No proficiency,No proficiency,Slightly proficient,Slightly proficient,No proficiency,Moderately proficient,Very proficient,Extremely proficient,Very proficient,Very proficient,Very proficient,Moderately proficient,Moderately proficient,Very proficient,Extremely comfortable,Very comfortable,Very comfortable,1 - 2 hours,Moderately technologically proficient,Moderate effort,Very engaged,Very interested,Extremely interested,Extremely helpful,Extremely interested,22,Female,Other,Yes,Wildlife Ecology & Conservation,Senior,Yes,No,No,Yes,Yes,No
4/11/24 12:00,4/11/24 12:28,100,1648,TRUE,4/11/24 12:28,R_5qrdMH04vd756fh,,,,,anonymous,EN,"I consent, begin the study",0bac740a,Quantitative Wildlife Ecology (WIS 4601),,,,Windows,,2 - 4 years old,Rarely,"If it was an easy graph I would still use google docs or Excel because I still find those easier at this point. A more advanced graph or one that used more scientific data would be better to make in R. I know the plot, barplot, and hist functions fairly well and could make graphs with those. The other types of graphs I could also do as long as we did them in class because I downloaded all the lab assignments.",I just need more time to practice. I also need to be forced to practice because I won’t want to do it in my free time. Having to write my own code has been the most helpful way of learning it.,"It would make you very competitive I think in the job market. Also if you ever needed to take a remote job for a while, being able to use R is probably a good way to secure that.",Very unlikely,Somewhat likely,Very high anxiety,Very high anxiety,High anxiety,Very high anxiety,No proficiency,No proficiency,No proficiency,No proficiency,Slightly proficient,No proficiency,No proficiency,No proficiency,No proficiency,No proficiency,No proficiency,No proficiency,No proficiency,No proficiency,No proficiency,No proficiency,No proficiency,No proficiency,Very proficient,Moderately proficient,Moderately proficient,No proficiency,Moderately proficient,Moderately proficient,Moderately proficient,Very proficient,Moderately proficient,No proficiency,Moderately proficient,Moderately proficient,Slightly proficient,Slightly proficient,Slightly proficient,Slightly proficient,No proficiency,Slightly proficient,Moderately proficient,Very proficient,Very proficient,Moderately proficient,Moderately proficient,Moderately proficient,Slightly proficient,Moderately proficient,Extremely comfortable,Slightly comfortable,Slightly comfortable,5 - 30 minutes,Moderately technologically proficient,Moderate effort,Very engaged,Not interested,Moderately interested,Extremely helpful,Moderately interested,20,Male,White or Caucasian,No,Wildlife Ecology and Conservation ,Junior,No,No,No,Yes,Yes,Yes
4/11/24 11:41,4/11/24 12:31,100,2999,TRUE,4/11/24 12:31,R_8cEQXgT2aLmP3W1,,,,,anonymous,EN,"I consent, begin the study",24ef6bbc,"Quantitative Wildlife Ecology (WIS 4601),Other",Supervised Research (FAS4911),,,Windows,,0 - 2 years old,Never,"I would format the data into R studio and make sure it was correctly loaded. Then I would examine the data to see which type of graph would fit best. Lastly, I would create my graph using the ggplot2 package because I believe that ggplot is much easier to use for graph creation than base R.","My biggest issue is memorization. I find it hard to remember what commands do what or I forget certain commands and I'm forced to look up guides online all the time. Of course, there's nothing wrong with using the internet for help, but I think having better memorization skills will just make my learning process much faster and make my coding abilities faster too.","I think R studio is more beneficial because it holds your hand and provides more guidance than standard R. I've never used other programming languages. Hence, it's hard to compare R to other languages. Still, between the two versions of R I've tried I think the extra help provided by R studio is extremely nice, especially for a beginner like myself.",Very likely,Very likely,High anxiety,Very high anxiety,Moderate anxiety,High anxiety,Moderately proficient,Very proficient,No proficiency,No proficiency,Moderately proficient,Very proficient,No proficiency,No proficiency,Moderately proficient,Moderately proficient,Moderately proficient,No proficiency,Slightly proficient,Moderately proficient,Slightly proficient,Moderately proficient,Moderately proficient,No proficiency,Very proficient,Very proficient,Very proficient,No proficiency,Slightly proficient,Very proficient,Moderately proficient,Very proficient,Moderately proficient,No proficiency,Very proficient,Very proficient,Very proficient,Moderately proficient,Slightly proficient,No proficiency,Slightly proficient,Slightly proficient,Very proficient,Extremely proficient,Very proficient,Very proficient,Moderately proficient,Slightly proficient,Slightly proficient,Moderately proficient,Very comfortable,Extremely comfortable,Slightly comfortable,1 - 2 hours,Very technologically proficient,High effort,Very engaged,Moderately interested,Very interested,Extremely helpful,Moderately interested,21,Non-binary,White or Caucasian,Yes,Marine Science,Junior,No,No,No,No,Yes,No
4/12/24 7:27,4/12/24 7:45,100,1037,TRUE,4/12/24 7:45,R_7OoS00UCkalOwXr,,,,,anonymous,EN,"I consent, begin the study",44391174,Quantitative Wildlife Ecology (WIS 4601),,,,Windows,,2 - 4 years old,Never,"You would make the data set into a variable.  Then depending in what graph, you would run the function and add the necessary add ons. ",I do not have any challenges with learning R,R is so useful when creating population models and predicting populations. ,Somewhat unlikely,Very likely,Very high anxiety,Moderate anxiety,Low anxiety,Low anxiety,No proficiency,Moderately proficient,No proficiency,Slightly proficient,Very proficient,Moderately proficient,No proficiency,Slightly proficient,No proficiency,No proficiency,No proficiency,No proficiency,No proficiency,No proficiency,No proficiency,No proficiency,No proficiency,No proficiency,Very proficient,Moderately proficient,Moderately proficient,Moderately proficient,Very proficient,Very proficient,Moderately proficient,Moderately proficient,Very proficient,Very proficient,Moderately proficient,Moderately proficient,Slightly proficient,No proficiency,No proficiency,No proficiency,No proficiency,No proficiency,Moderately proficient,Very proficient,Moderately proficient,Moderately proficient,Moderately proficient,Slightly proficient,Moderately proficient,Moderately proficient,Extremely comfortable,Moderately comfortable,Very comfortable,2 - 7 hours,Moderately technologically proficient,Moderate effort,Very engaged,Slightly interested,Very interested,Extremely helpful,Moderately interested,18,Male,White or Caucasian,No,Wildlife ecology and conservation,Senior,Yes,,,,I'm not sure,No
4/12/24 11:21,4/12/24 11:36,100,901,TRUE,4/12/24 11:36,R_6eWF3N4SHDt3Gn6,,,,,anonymous,EN,"I consent, begin the study",946b4590,Quantitative Wildlife Ecology (WIS 4601),,,,Windows,,2 - 4 years old,Rarely,"I would go to posit cloud, upload my data that I would be using, and make a histogram or bar plot. ","It is very difficult, I can't make it to the labs, not a good math foundation",Good for a cv and job opportunities,Very unlikely,Somewhat unlikely,High anxiety,High anxiety,High anxiety,High anxiety,No proficiency,Moderately proficient,No proficiency,No proficiency,Slightly proficient,Moderately proficient,No proficiency,No proficiency,No proficiency,No proficiency,No proficiency,No proficiency,No proficiency,No proficiency,Slightly proficient,No proficiency,No proficiency,No proficiency,Very proficient,Moderately proficient,Moderately proficient,No proficiency,Slightly proficient,Slightly proficient,Slightly proficient,Moderately proficient,Moderately proficient,No proficiency,Slightly proficient,Slightly proficient,Slightly proficient,No proficiency,No proficiency,No proficiency,Moderately proficient,No proficiency,Moderately proficient,Moderately proficient,Moderately proficient,Slightly proficient,Moderately proficient,Moderately proficient,Moderately proficient,Slightly proficient,Very comfortable,Very comfortable,Slightly comfortable,5 - 30 minutes,Slightly technologically proficient,Moderate effort,Slightly engaged,Not interested,Slightly interested,Very helpful,Slightly interested,20,Female,Asian,No,Wildlife Ecology and Conservation,Junior,No,No,No,Yes,No,
4/10/24 13:04,4/10/24 19:20,22,22594,FALSE,4/17/24 19:20,R_2Rgf36jx4CKB2Hf,,,,,anonymous,EN,"I consent, begin the study",419e0d23,"Computational Problem Solving in Wildlife Ecology Using R (WIS 4934),Other",Introduction to Conservation Genetics (WIS 3553C),,,Windows,,0 - 2 years old,Never,"If asked to do so today, I would produce a graph for a lab report or presentation using R by importing the necessary dataset into the program, installing appropriate packages and loading libraries, and then organizing the data in a manner that would allow me to use functions such as 'plot' to visualize the data. I would also add a chart title, axes titles, and adjust the ranges of the axes as needed, as well as add a caption.","One challenge that I feel stands in my way for learning R is consistent practice in order to truly learn how to use the program rather than simply memorize how to complete certain assignments. In addition, I believe there will likely be ""imperfect"" cases that I may struggle to problem-solve at first. In other words, there will be a need to troubleshoot issues that were not encountered in the homework assignments.","There are many benefits that I see coming from using R or other programming languages, such as being able to interpret and work with data more efficiently as well as being to share work and problem-solve with others. It can be a great way to visualize and manage larger sets of data.",,,,,,,,,,,,,,,,,,,,,,,,,,,,,,,,,,,,,,,,,,,,,,,,,,,,,,,,,,,,,,,,,,,,,,,,,
4/11/24 12:06,4/11/24 12:07,22,64,FALSE,4/18/24 12:08,R_1qaYPGjMHyGZBE5,,,,,anonymous,EN,"I consent, begin the study",d8fa0285,Quantitative Wildlife Ecology (WIS 4601),,,,Windows,,4 - 6 years old,Never,,,,,,,,,,,,,,,,,,,,,,,,,,,,,,,,,,,,,,,,,,,,,,,,,,,,,,,,,,,,,,,,,,,,,,,,,,,,
4/11/24 12:03,4/14/24 21:03,41,291619,FALSE,4/21/24 21:03,R_3QGeCGMCSFOMlLP,,,,,anonymous,EN,"I consent, begin the study",8447d712,Quantitative Wildlife Ecology (WIS 4601),,,,Windows,,,Rarely,"I would probably google ""graph making site"" or use other programs I have used in the past such as PowerPoint or Canva. ","'- Not having any prior knowledge with coding.
- The last math class I took was 2 years prior to taking this course.
- Mental Health/ Personal life events
",'- I feel like it will be very beneficial in wildlife jobs and research I do in the future. If this class wasn't required I probably would never have learned how to code and use R. This class is teaching me a whole new skill that will make it easier for me if I need to use any of these tools in future jobs.,Very unlikely,Somewhat likely,Very high anxiety,Moderate anxiety,Moderate anxiety,Low anxiety,No proficiency,Slightly proficient,No proficiency,No proficiency,Slightly proficient,Slightly proficient,No proficiency,No proficiency,,,,,,,,,,,,,,,,,,,,,,,,,,,,,,,,,,,,,,,,,,,,,,,,,,,,,,,,,,,
4/21/24 18:01,4/21/24 18:02,3,10,FALSE,4/28/24 18:02,R_7VxWWstniR4Lmlt,,,,,anonymous,EN,"I consent, begin the study",,,,,,,,,,,,,,,,,,,,,,,,,,,,,,,,,,,,,,,,,,,,,,,,,,,,,,,,,,,,,,,,,,,,,,,,,,,,,,,,,,,,,
12/2/24 10:37,12/2/24 10:47,100,590,TRUE,12/2/24 10:47,R_7XjHMb5vLJq12ao,,,,,anonymous,EN,"I consent, begin the study",89943458,Quantitative Wildlife Ecology (WIS 4601),,Other,Conservation Genetics (WIS3553C),Windows,,2 - 4 years old,Rarely,I would likely use R having learned ways to do so it makes it much easier to create a visual than doing it by hand or in another program.,"The biggest challenges is remembering different functions. Practice is another challenge that I feel can be hard, if I don’t have a class for it, I don’t think I’d be able to consistently retain how to use R.",Using programming languages helps assessing larger datasets and can create ways to make research accurate and provide an easy way to visualize it for the public,Somewhat unlikely,Very likely,Very high anxiety,High anxiety,Low anxiety,Moderate anxiety,No proficiency,Slightly proficient,No proficiency,No proficiency,Moderately proficient,Slightly proficient,No proficiency,No proficiency,Moderately proficient,Slightly proficient,Slightly proficient,No proficiency,No proficiency,Slightly proficient,No proficiency,Slightly proficient,Slightly proficient,No proficiency,Extremely proficient,Moderately proficient,Very proficient,No proficiency,Slightly proficient,Very proficient,Slightly proficient,Extremely proficient,Moderately proficient,Slightly proficient,Slightly proficient,Moderately proficient,Slightly proficient,No proficiency,No proficiency,No proficiency,No proficiency,Slightly proficient,Very proficient,Very proficient,Very proficient,Moderately proficient,Moderately proficient,Moderately proficient,Moderately proficient,Moderately proficient,Very comfortable,Moderately comfortable,Slightly comfortable,1 - 2 hours,Moderately technologically proficient,High effort,Moderately engaged,Slightly interested,Moderately interested,Very helpful,Very interested,22,Male,White or Caucasian,Yes,Wildlife Ecology and Conservation ,Senior,No,No,Yes,Yes,Yes,Yes
12/2/24 10:58,12/2/24 11:05,100,459,TRUE,12/2/24 11:05,R_5OffgKJaXc7ElRW,,,,,anonymous,EN,"I consent, begin the study",84b2cd17,Introduction to Wildlife Population Ecology (WIS 4501),,"Introduction to Wildlife Population Ecology (WIS 4501),Quantitative Wildlife Ecology (WIS 4601)",,Windows,,2 - 4 years old,Rarely,,,,Very unlikely,Very likely,Low anxiety,Moderate anxiety,High anxiety,Low anxiety,No proficiency,Moderately proficient,No proficiency,Slightly proficient,Very proficient,Moderately proficient,No proficiency,Slightly proficient,No proficiency,No proficiency,No proficiency,No proficiency,No proficiency,No proficiency,No proficiency,No proficiency,No proficiency,No proficiency,Extremely proficient,Very proficient,Very proficient,Moderately proficient,Moderately proficient,Extremely proficient,Very proficient,Slightly proficient,Moderately proficient,Very proficient,Moderately proficient,Slightly proficient,No proficiency,No proficiency,Slightly proficient,No proficiency,No proficiency,No proficiency,Very proficient,Very proficient,Very proficient,Very proficient,Very proficient,Very proficient,Very proficient,Very proficient,Very comfortable,Very comfortable,Very comfortable,1 - 2 hours,Moderately technologically proficient,Moderate effort,Very engaged,Slightly interested,Extremely interested,Extremely helpful,Moderately interested,19,Male,White or Caucasian,No,Wildlife ecology and conservation,Senior,Yes,,,,No,
12/2/24 11:02,12/2/24 11:11,100,546,TRUE,12/2/24 11:11,R_5KYQ5vqa3zKn83L,,,,,anonymous,EN,"I consent, begin the study",24ef6bbc,Introduction to Wildlife Population Ecology (WIS 4501),,"Quantitative Wildlife Ecology (WIS 4601),Other",FAS4911,Windows,,0 - 2 years old,Rarely,"I would create the graph in R, specifically using the ggplot package to make it neater and faster to create.","Memorization. I often forget what commands mean and struggle to type out long lines of code without the help of a reference or the internet. Once I start, I can code for a while, but sometimes I become stumped due to forgetting commands or formatting.","I haven't used other programming languages and have only worked in R, so I cannot compare R to other programs, but I find the interface relatively easy to understand and use.",Very likely,Very likely,High anxiety,High anxiety,Moderate anxiety,High anxiety,Moderately proficient,Very proficient,No proficiency,No proficiency,Very proficient,,No proficiency,No proficiency,Moderately proficient,Moderately proficient,Moderately proficient,Slightly proficient,Slightly proficient,Moderately proficient,Slightly proficient,Very proficient,Moderately proficient,Slightly proficient,Very proficient,Moderately proficient,Very proficient,Moderately proficient,Slightly proficient,Very proficient,Slightly proficient,Extremely proficient,Moderately proficient,Slightly proficient,Very proficient,Very proficient,Moderately proficient,Moderately proficient,Slightly proficient,Moderately proficient,Slightly proficient,Moderately proficient,Very proficient,Extremely proficient,Very proficient,Moderately proficient,Moderately proficient,Moderately proficient,Moderately proficient,Very proficient,Very comfortable,Extremely comfortable,Very comfortable,30 minutes - 1 hour,Extremely technologically proficient,High effort,Very engaged,Very interested,Very interested,Extremely helpful,Very interested,22,Non-binary,White or Caucasian,Yes,Marine Science,Senior,No,No,No,No,Yes,No
12/2/24 11:05,12/2/24 11:24,100,1129,TRUE,12/2/24 11:24,R_3gUtEr6ow1ynAVK,,,,,anonymous,EN,"I consent, begin the study",22192819,Introduction to Wildlife Population Ecology (WIS 4501),,Quantitative Wildlife Ecology (WIS 4601),,Windows,,0 - 2 years old,Rarely,"Most likely using R. I do not know much about other coding programs, so R would be the best way to go considering my previous instruction with it. I would look over past assignments to see what code I need as well as google what other commands and packages there are. Likewise I would ask the PhD student in my lab for help. ","I feel like it’s very finicky, and not well known. My partner is really into computer science and coding, and they don’t understand R very well at all and say that it’s not too great of a program. I know it gets the job done for wildlife studies, but a comprehensive and easy guide for it would be so helpful considering I have nobody I can call at 1 am to help me. ","I think R is pretty good for just doing wildlife type stuff. Though Python would probably be easier, I think that because R is so focused on scientific uses, it’s easier to have something like that. One track mind. ",Somewhat unlikely,Somewhat likely,Very high anxiety,Moderate anxiety,Moderate anxiety,Low anxiety,Slightly proficient,Slightly proficient,No proficiency,No proficiency,Moderately proficient,Moderately proficient,No proficiency,No proficiency,Slightly proficient,Slightly proficient,Moderately proficient,No proficiency,Slightly proficient,No proficiency,Slightly proficient,No proficiency,Slightly proficient,No proficiency,Moderately proficient,Moderately proficient,Very proficient,Slightly proficient,Moderately proficient,Moderately proficient,Moderately proficient,Moderately proficient,Slightly proficient,Slightly proficient,Moderately proficient,Moderately proficient,Moderately proficient,Slightly proficient,Slightly proficient,Moderately proficient,Moderately proficient,Moderately proficient,Very proficient,Very proficient,Very proficient,Moderately proficient,Moderately proficient,Very proficient,Very proficient,Very proficient,Very comfortable,Moderately comfortable,Moderately comfortable,5 - 30 minutes,Slightly technologically proficient,High effort,Very engaged,Slightly interested,Moderately interested,Moderately helpful,Slightly interested,21,Female,White or Caucasian,No,Wildlife Ecology and Conservation ,Senior,No,No,No,No,Yes,No
12/2/24 11:50,12/2/24 11:50,100,33,TRUE,12/2/24 11:50,R_3hiupIIMWRBCTbb,,,,,anonymous,EN,"I do not consent, I do not wish to participate",,,,,,,,,,,,,,,,,,,,,,,,,,,,,,,,,,,,,,,,,,,,,,,,,,,,,,,,,,,,,,,,,,,,,,,,,,,,,,,,,,,,,
12/2/24 11:50,12/2/24 11:58,100,474,TRUE,12/2/24 11:58,R_7DnKvgHKdzBU945,,,,,anonymous,EN,"I consent, begin the study",00a378fb,"Introduction to Wildlife Population Ecology (WIS 4501),Quantitative Wildlife Ecology (WIS 4601)",,"Introduction to Wildlife Population Ecology (WIS 4501),Quantitative Wildlife Ecology (WIS 4601)",,Windows,,0 - 2 years old,Sometimes,"ggplot(data, x,y) 
or I would plot(data) depending on what I working on",Understanding everything that going on a function,"I see several benefits including a higher pay in the job market, easy way to get through large datasets for research. ",Somewhat unlikely,Somewhat likely,Very high anxiety,Very high anxiety,High anxiety,Very high anxiety,Slightly proficient,Slightly proficient,No proficiency,No proficiency,Moderately proficient,Slightly proficient,No proficiency,No proficiency,Very proficient,Moderately proficient,Slightly proficient,No proficiency,Slightly proficient,Slightly proficient,Slightly proficient,Slightly proficient,Slightly proficient,Slightly proficient,,,Moderately proficient,Slightly proficient,Very proficient,Moderately proficient,Very proficient,Moderately proficient,Moderately proficient,Moderately proficient,Slightly proficient,No proficiency,No proficiency,No proficiency,Slightly proficient,No proficiency,No proficiency,No proficiency,Slightly proficient,Moderately proficient,Moderately proficient,Slightly proficient,Slightly proficient,Moderately proficient,Slightly proficient,Moderately proficient,Not at all comfortable,Very comfortable,Slightly comfortable,2 - 7 hours,Not technologically proficient,Very high effort,Very engaged,Not interested,Slightly interested,Very helpful,Moderately interested,21,Female,"White or Caucasian,Prefer not to say",No,WEC,Senior,Yes,No,No,No,No,
12/2/24 10:55,12/2/24 12:52,100,7050,TRUE,12/2/24 12:52,R_6Dkcl2vDUultRHH,,,,,anonymous,EN,"I consent, begin the study",66c48d9a,"Introduction to Wildlife Population Ecology (WIS 4501),Quantitative Wildlife Ecology (WIS 4601)",,Computational Problem Solving in Wildlife Ecology Using R (WIS 4934),,Windows,,2 - 4 years old,Rarely,"I would first identify what type of data I'm working with and determine what question I am answering. Using R studio, I'd chose a model that best fits my data and use either base R or ggplot to create a graph with corresponding x and y labels with an informational caption underneath. I'd also add color and a key to improve the readability of the graph. ","Becoming confident in catching all mistakes in data sets, knowing what functions do what and when to use them, and knowing how to format my code so that the function will work. In class, I feel confident in my own code since I'm following a worksheet, but I'm worried how well I'd do with my own dataset with no worksheet to follow. ",I think in my future I will be using R since I'd like to continue doing research in wildlife ecology. I'd like to become more comfortable with data carpentry and using models since I feel like these would be important skills to have in this field. ,Somewhat unlikely,Very likely,High anxiety,Very high anxiety,Moderate anxiety,Moderate anxiety,Slightly proficient,Slightly proficient,No proficiency,No proficiency,Moderately proficient,Slightly proficient,No proficiency,No proficiency,Moderately proficient,Slightly proficient,Slightly proficient,Slightly proficient,Slightly proficient,Slightly proficient,Slightly proficient,Moderately proficient,Slightly proficient,Slightly proficient,Very proficient,Moderately proficient,Moderately proficient,Slightly proficient,Moderately proficient,Moderately proficient,Moderately proficient,Very proficient,Slightly proficient,Slightly proficient,Slightly proficient,Slightly proficient,No proficiency,No proficiency,No proficiency,No proficiency,No proficiency,No proficiency,Moderately proficient,Very proficient,Moderately proficient,Moderately proficient,Moderately proficient,Moderately proficient,Slightly proficient,Moderately proficient,Very comfortable,Moderately comfortable,Slightly comfortable,30 minutes - 1 hour,Slightly technologically proficient,Moderate effort,Very engaged,Slightly interested,Very interested,Extremely helpful,Very interested,21,Non-binary,"White or Caucasian,Asian",No,Wildlife Ecology and Conservation,Senior,No,No,No,No,I'm not sure,No
12/2/24 14:11,12/2/24 14:17,100,397,TRUE,12/2/24 14:17,R_1GBlOz2LQzcJlJa,,,,,anonymous,EN,"I consent, begin the study",90b34434,Other,Insect Ecology Lab (6203L),Other,None,Windows,,4 - 6 years old,Rarely,I would first import my graph into R. Load GGPlots. Select the variables I am interested in graphing and select the appropriate graph. I would likely use ChatGPT to make my graph more aesthetic.,"Time. R is a large, daunting program and the classes associated with this program are often known to be difficult. Also, I feel that an understanding of statistics is needed for much of the classes associated with R.",R seems great for analyzing and visualizing my data.,Very likely,Very likely,Moderate anxiety,Low anxiety,Moderate anxiety,Low anxiety,Moderately proficient,Very proficient,No proficiency,Slightly proficient,Moderately proficient,Very proficient,No proficiency,Moderately proficient,Very proficient,Very proficient,Very proficient,Slightly proficient,Slightly proficient,Very proficient,Moderately proficient,Extremely proficient,Moderately proficient,No proficiency,Very proficient,Very proficient,Very proficient,Slightly proficient,Slightly proficient,Very proficient,Moderately proficient,Extremely proficient,Moderately proficient,No proficiency,Very proficient,Very proficient,Moderately proficient,Extremely proficient,Moderately proficient,Slightly proficient,Moderately proficient,Slightly proficient,Very proficient,Very proficient,Moderately proficient,Extremely proficient,Moderately proficient,Slightly proficient,Moderately proficient,Slightly proficient,Moderately comfortable,Extremely comfortable,Moderately comfortable,30 minutes - 1 hour,Very technologically proficient,High effort,Very engaged,Slightly interested,Slightly interested,Slightly helpful,Moderately interested,24,,White or Caucasian,No,Entomology,Graduate degree program,No,No,No,No,Yes,Yes
12/2/24 16:25,12/2/24 16:35,100,611,TRUE,12/2/24 16:35,R_7j0tuo3edNUOfSN,,,,,anonymous,EN,"I consent, begin the study",22660ef5,Quantitative Wildlife Ecology (WIS 4601),,Other,n/a,Mac,,4 - 6 years old,Never,I would use R over posit cloud and probably use base R directions to create a graph depending on the data that I need to visualize. If the graph was more complicated I would probably use gg plot in posit cloud. ,"Learning how to code with R probably is the biggest challenge. I don't have technological challenges but just understanding the language R uses was probably the biggest challenge. Luckily, I have some coding experience going into this that I have accumulated throughout my education. ",Being technologically savvy in a world/field that is becoming more and more tech heavy. Very helpful to have these skills under my belt when entering the workforce. ,Very unlikely,Very likely,Moderate anxiety,Low anxiety,Low anxiety,Low anxiety,No proficiency,Moderately proficient,No proficiency,No proficiency,Moderately proficient,Very proficient,No proficiency,No proficiency,No proficiency,No proficiency,No proficiency,No proficiency,No proficiency,No proficiency,No proficiency,No proficiency,No proficiency,No proficiency,Very proficient,Moderately proficient,Moderately proficient,No proficiency,Moderately proficient,Very proficient,Very proficient,Very proficient,Very proficient,No proficiency,Moderately proficient,Moderately proficient,Moderately proficient,Slightly proficient,Slightly proficient,Slightly proficient,Moderately proficient,Moderately proficient,Very proficient,Very proficient,Very proficient,Very proficient,Very proficient,Very proficient,Very proficient,Very proficient,Very comfortable,Very comfortable,Moderately comfortable,5 - 30 minutes,Slightly technologically proficient,High effort,Very engaged,Moderately interested,Very interested,Extremely helpful,Very interested,22,Male,White or Caucasian,No,Wildlife Ecology and Conservation,Senior,No,No,No,No,Yes,No
12/2/24 17:01,12/2/24 17:07,100,347,TRUE,12/2/24 17:07,R_34LT122guSg5BCG,,,,,anonymous,EN,"I consent, begin the study",bc57748c,Quantitative Wildlife Ecology (WIS 4601),,Other,conservation genetics ,Windows,,2 - 4 years old,Rarely,I would most likely use excel to organize the data and make the graph. Then I would use Word to upload the figure and add captions. ,I feel as though I have a severe lack of foundation and background knowledge. ,It seems very time efficient and is able to complete tasks I would not be able to do on my own. ,Very unlikely,Neutral,High anxiety,Moderate anxiety,High anxiety,Moderate anxiety,No proficiency,Slightly proficient,No proficiency,No proficiency,Moderately proficient,Slightly proficient,No proficiency,No proficiency,No proficiency,No proficiency,No proficiency,No proficiency,No proficiency,No proficiency,No proficiency,No proficiency,No proficiency,No proficiency,Very proficient,Moderately proficient,Moderately proficient,No proficiency,Moderately proficient,Moderately proficient,Slightly proficient,Very proficient,Moderately proficient,No proficiency,Moderately proficient,Moderately proficient,Slightly proficient,Moderately proficient,Moderately proficient,Moderately proficient,Moderately proficient,Slightly proficient,Moderately proficient,Very proficient,Moderately proficient,Very proficient,Moderately proficient,Very proficient,Moderately proficient,Very proficient,Very comfortable,Moderately comfortable,Not at all comfortable,1 - 2 hours,Not technologically proficient,High effort,Very engaged,Not interested,Very interested,Extremely helpful,Very interested,21,Female,White or Caucasian,No,WEC,Senior,No,No,No,No,No,
12/2/24 19:11,12/2/24 19:22,100,687,TRUE,12/2/24 19:23,R_3XM624W6VM230KB,,,,,anonymous,EN,"I consent, begin the study",328dda81,"Computational Problem Solving in Wildlife Ecology Using R (WIS 4934),Quantitative Wildlife Ecology (WIS 4601)",,Other,None before,Mac,,2 - 4 years old,Rarely,"Using R
1) Download necessary data
2) View data and make sure there are no errors
3) Depending on what type of info we are needing to display would determine the graph I chose: plot(), hist(), barplot() 
4) Then I would make sure the correct data is selected for x and y axis, include a title, label my axis, include a legend and figure caption. ","None in particular. 
","Using R can be an amazing skill to use for future careers when dealing with statistics, probabilities, data, graphs, and math.  Programming is a unique language and shows that I’m adaptable to learning complex skills. ",Very unlikely,Very likely,Moderate anxiety,Moderate anxiety,Very low anxiety,Very low anxiety,No proficiency,Moderately proficient,No proficiency,No proficiency,Very proficient,Moderately proficient,No proficiency,No proficiency,No proficiency,No proficiency,No proficiency,No proficiency,No proficiency,No proficiency,No proficiency,No proficiency,No proficiency,No proficiency,Extremely proficient,Extremely proficient,Extremely proficient,Very proficient,Very proficient,Very proficient,Slightly proficient,Extremely proficient,Extremely proficient,Moderately proficient,Slightly proficient,Slightly proficient,Slightly proficient,No proficiency,No proficiency,No proficiency,No proficiency,No proficiency,Moderately proficient,Very proficient,Moderately proficient,Moderately proficient,Very proficient,Very proficient,Moderately proficient,Very proficient,Moderately comfortable,Slightly comfortable,Very comfortable,1 - 2 hours,Very technologically proficient,High effort,Extremely engaged,Slightly interested,Extremely interested,Extremely helpful,Very interested,20,Female,White or Caucasian,Yes,Wildlife Ecology and Conservation,Junior,No,No,No,No,Yes,Yes
12/3/24 7:25,12/3/24 7:35,100,595,TRUE,12/3/24 7:35,R_678crYf8dGe4N4D,,,,,anonymous,EN,"I consent, begin the study",742659dd,Other,Insect ecology,Other,Biological science courses at OSU and introduction to biostatistics,Windows,,6+ years old,Rarely,"I would go into R and first run an analysis for the data. For me, this is often as a lm or glm. I then use ggplot to plot the data and I would use this graph for a lab report or presentation. ",I think the biggest challenge with learning R is 1) not enough basic statistics understanding and 2) a lack of coding experience in any of biology education. ,"R and other programming languages is the future of statistical analyses in science and as someone who wants to continue pursuing a research career, these skills are essential to any future career opportunities. Additionally, there is a plethora of material available to learn the basics of R, which really is an incredibly useful tool for developing models, running statistics, and generating figures. ",Very likely,Very likely,High anxiety,High anxiety,Moderate anxiety,Moderate anxiety,Slightly proficient,Very proficient,No proficiency,No proficiency,Moderately proficient,Very proficient,No proficiency,No proficiency,Very proficient,Moderately proficient,Very proficient,No proficiency,Moderately proficient,Very proficient,Moderately proficient,Moderately proficient,Moderately proficient,No proficiency,Very proficient,Moderately proficient,Extremely proficient,No proficiency,Very proficient,Very proficient,Moderately proficient,Very proficient,Very proficient,Extremely proficient,Very proficient,Moderately proficient,Moderately proficient,Moderately proficient,Moderately proficient,Slightly proficient,Slightly proficient,Slightly proficient,Very proficient,Very proficient,Very proficient,Very proficient,Very proficient,Moderately proficient,Moderately proficient,Very proficient,Moderately comfortable,Very comfortable,Moderately comfortable,1 - 2 hours,Slightly technologically proficient,Moderate effort,Very engaged,Slightly interested,Extremely interested,Extremely helpful,Extremely interested,24,Female,White or Caucasian,No,Entomology,Graduate degree program,No,No,No,Yes,Yes,No
12/3/24 8:31,12/3/24 8:41,100,603,TRUE,12/3/24 8:41,R_7iVdaMFeMRD2d2q,,,,,anonymous,EN,"I consent, begin the study",30e0cd63,Computational Problem Solving in Wildlife Ecology Using R (WIS 4934),,Quantitative Wildlife Ecology (WIS 4601),,Windows,,2 - 4 years old,Rarely,R or python,It is crucial to comprehend the reasoning and arguments presented in the background.,It is easy to plot in a customized way.,Very likely,Very likely,Very low anxiety,Moderate anxiety,Very low anxiety,Low anxiety,Very proficient,Very proficient,Moderately proficient,Moderately proficient,Very proficient,Very proficient,Very proficient,Very proficient,Extremely proficient,Extremely proficient,Extremely proficient,Very proficient,Very proficient,Very proficient,Extremely proficient,Extremely proficient,Very proficient,Very proficient,Extremely proficient,Extremely proficient,Extremely proficient,Extremely proficient,Extremely proficient,Extremely proficient,Extremely proficient,Extremely proficient,Very proficient,Very proficient,Very proficient,Extremely proficient,Extremely proficient,Extremely proficient,Extremely proficient,Extremely proficient,Extremely proficient,Very proficient,Very proficient,Extremely proficient,Extremely proficient,Extremely proficient,Extremely proficient,Extremely proficient,Extremely proficient,Extremely proficient,Very comfortable,Extremely comfortable,Extremely comfortable,7+ hours,Very technologically proficient,Low effort,Moderately engaged,Very interested,Very interested,Extremely helpful,Extremely interested,30,Female,Asian,No,Forest Resource and Conservation,Senior,No,No,No,No,Yes,Yes
12/4/24 7:38,12/4/24 7:45,100,391,TRUE,12/4/24 7:45,R_14aVoIx8oZL1wnT,,,,,anonymous,EN,"I consent, begin the study",38321992,Quantitative Wildlife Ecology (WIS 4601),,Computational Problem Solving in Wildlife Ecology Using R (WIS 4934),,Mac,,2 - 4 years old,Rarely,"I would use R to produce graphs, much easier than microsoft or google and if you make mistakes it is easy to notice.",Trying to answer more of the complex coding questions instead of starting with the basics,many job opportunities in the future,Somewhat likely,Very likely,High anxiety,High anxiety,Low anxiety,Moderate anxiety,Slightly proficient,Slightly proficient,No proficiency,No proficiency,Moderately proficient,Slightly proficient,No proficiency,No proficiency,Moderately proficient,Moderately proficient,Slightly proficient,Slightly proficient,Slightly proficient,Moderately proficient,Slightly proficient,Moderately proficient,Slightly proficient,Slightly proficient,Extremely proficient,Very proficient,Moderately proficient,Slightly proficient,Moderately proficient,Very proficient,Very proficient,Extremely proficient,Moderately proficient,Slightly proficient,Moderately proficient,Moderately proficient,Slightly proficient,Slightly proficient,Slightly proficient,Slightly proficient,Slightly proficient,Slightly proficient,Very proficient,Extremely proficient,Moderately proficient,Moderately proficient,Very proficient,Moderately proficient,Moderately proficient,Very proficient,Very comfortable,Extremely comfortable,Moderately comfortable,30 minutes - 1 hour,Moderately technologically proficient,High effort,Very engaged,Extremely interested,Extremely interested,Extremely helpful,Extremely interested,21,Female,White or Caucasian,No,Marine Science,Senior,No,No,No,No,No,
12/4/24 8:39,12/4/24 8:51,100,707,TRUE,12/4/24 8:51,R_13yvyzxxBEDs3Uq,,,,,anonymous,EN,"I consent, begin the study",0bac740a,"Computational Problem Solving in Wildlife Ecology Using R (WIS 4934),Introduction to Wildlife Population Ecology (WIS 4501)",,Quantitative Wildlife Ecology (WIS 4601),,Windows,,2 - 4 years old,Rarely,I would still use Excel/Powerpoint/word for graphs unless it was a scientific paper,"Time, it’s hard to make time for assignments while balancing all my other classes","It’s good for math, stats, graphs, and quantitative analysis ",Very unlikely,Neutral,Very high anxiety,Very high anxiety,Moderate anxiety,High anxiety,Slightly proficient,Moderately proficient,No proficiency,No proficiency,Moderately proficient,Moderately proficient,No proficiency,No proficiency,Moderately proficient,Slightly proficient,Moderately proficient,Slightly proficient,Slightly proficient,No proficiency,Slightly proficient,Very proficient,Moderately proficient,No proficiency,Very proficient,Slightly proficient,Very proficient,Slightly proficient,Moderately proficient,No proficiency,Moderately proficient,Very proficient,Moderately proficient,No proficiency,Very proficient,Very proficient,Slightly proficient,Slightly proficient,Moderately proficient,Slightly proficient,Slightly proficient,Slightly proficient,Very proficient,Very proficient,Slightly proficient,Slightly proficient,Moderately proficient,Moderately proficient,Slightly proficient,Moderately proficient,Very comfortable,Moderately comfortable,Slightly comfortable,30 minutes - 1 hour,Moderately technologically proficient,Moderate effort,Moderately engaged,Moderately interested,Slightly interested,Slightly helpful,Slightly interested,21,Male,White or Caucasian,No,Wildlife ecology and conservation ,Senior,No,No,No,Yes,I'm not sure,No
12/4/24 15:19,12/4/24 15:28,100,543,TRUE,12/4/24 15:28,R_6iqivNiwpdME0p3,,,,,anonymous,EN,"I consent, begin the study",14dbf9be,"Introduction to Wildlife Population Ecology (WIS 4501),Other",Introduction to Applied Statistics,"Computational Problem Solving in Wildlife Ecology Using R (WIS 4934),Quantitative Wildlife Ecology (WIS 4601)",,Windows,,0 - 2 years old,Never,I would use the ggplot package in R to create a graph ,Previously I felt like I didn’t have a lot of computer science experience and that made me feel unsure about using R but I am more confident now after taking a class on R and a few classes that have used it ,Being able to pursue a quantitative ecology-related field in the future and having more jobs available to me because of having skills in R,Very likely,Very likely,Low anxiety,Low anxiety,Low anxiety,Low anxiety,Moderately proficient,Moderately proficient,Slightly proficient,No proficiency,Moderately proficient,Moderately proficient,Slightly proficient,No proficiency,Moderately proficient,Moderately proficient,Moderately proficient,Moderately proficient,Moderately proficient,Moderately proficient,Moderately proficient,Moderately proficient,Moderately proficient,Slightly proficient,Moderately proficient,Moderately proficient,Moderately proficient,Moderately proficient,Moderately proficient,Moderately proficient,Moderately proficient,Moderately proficient,Moderately proficient,Slightly proficient,Moderately proficient,Moderately proficient,Moderately proficient,Moderately proficient,Moderately proficient,Moderately proficient,Moderately proficient,Moderately proficient,Moderately proficient,Moderately proficient,Moderately proficient,Moderately proficient,Moderately proficient,Moderately proficient,Moderately proficient,Moderately proficient,Moderately comfortable,Moderately comfortable,Moderately comfortable,30 minutes - 1 hour,Slightly technologically proficient,Low effort,Moderately engaged,Extremely interested,Extremely interested,Extremely helpful,Extremely interested,21,Female,White or Caucasian,No,Wildlife Ecology and Conservation,Senior,No,No,No,No,No,
12/5/24 12:23,12/5/24 12:34,100,686,TRUE,12/5/24 12:34,R_7SnQeT53BRbOJYl,,,,,anonymous,EN,"I consent, begin the study",e4aa8261,Computational Problem Solving in Wildlife Ecology Using R (WIS 4934),,Other,N/A,Mac,,2 - 4 years old,Never,"I would either use base R if I had data that I know how to work with, but if it was unfamiliar, I would go to Google Sheets and create a graph directly from there. I would use google sheets for qualitative data as well. I feel like I do not yet have enough experience with R to know the ins and outs of figuremaking just yet. ","The ability to remember something after not having done it in a while, like for the final project review of this 4934 class having to do stuff with dataframes, loops, lists, etc. I feel like I have a hard time knowing how to do something without asking for help or looking something up if I haven't done it within the week, though I'm sure that with some practice I'll be better about that. ","The ability to have all your work in one place: text entries, code, figures, etc. instead of having to bounce around between excel, word, and other softwares. ",Somewhat unlikely,Very likely,High anxiety,High anxiety,High anxiety,High anxiety,No proficiency,Moderately proficient,No proficiency,No proficiency,Slightly proficient,Moderately proficient,No proficiency,No proficiency,No proficiency,No proficiency,No proficiency,No proficiency,No proficiency,No proficiency,No proficiency,No proficiency,No proficiency,No proficiency,Very proficient,Moderately proficient,Moderately proficient,Slightly proficient,Slightly proficient,Slightly proficient,No proficiency,Moderately proficient,Moderately proficient,Moderately proficient,Slightly proficient,Slightly proficient,No proficiency,No proficiency,No proficiency,No proficiency,Slightly proficient,Slightly proficient,Moderately proficient,Slightly proficient,Slightly proficient,No proficiency,No proficiency,No proficiency,Moderately proficient,Moderately proficient,Extremely comfortable,Very comfortable,Moderately comfortable,5 - 30 minutes,Slightly technologically proficient,Moderate effort,Extremely engaged,Moderately interested,Very interested,Extremely helpful,Moderately interested,20,Male,White or Caucasian,No,Wildlife Ecology & Conservation,Junior,No,No,No,No,I'm not sure,No
12/2/24 7:53,12/2/24 7:53,3,11,FALSE,12/9/24 7:53,R_5EWD7O3v0g68gy3,,,,,anonymous,EN,"I consent, begin the study",,,,,,,,,,,,,,,,,,,,,,,,,,,,,,,,,,,,,,,,,,,,,,,,,,,,,,,,,,,,,,,,,,,,,,,,,,,,,,,,,,,,,
12/2/24 10:44,12/2/24 10:48,24,221,FALSE,12/9/24 10:48,R_5QDSn7nx3ifjSpY,,,,,anonymous,EN,"I consent, begin the study",f3cf9d00,Introduction to Wildlife Population Ecology (WIS 4501),,Quantitative Wildlife Ecology (WIS 4601),,Windows,,0 - 2 years old,Rarely,,,,,,,,,,,,,,,,,,,,,,,,,,,,,,,,,,,,,,,,,,,,,,,,,,,,,,,,,,,,,,,,,,,,,,,,,,,,
12/2/24 10:53,12/2/24 10:53,3,27,FALSE,12/9/24 10:53,R_1xSjv1UfM12whFP,,,,,anonymous,EN,"I consent, begin the study",,,,,,,,,,,,,,,,,,,,,,,,,,,,,,,,,,,,,,,,,,,,,,,,,,,,,,,,,,,,,,,,,,,,,,,,,,,,,,,,,,,,,
12/2/24 12:32,12/2/24 12:47,24,954,FALSE,12/9/24 12:47,R_3NMbLevKK6xlgxH,,,,,anonymous,EN,"I consent, begin the study",c162606b,"Quantitative Wildlife Ecology (WIS 4601),Other",STA3100,Introduction to Wildlife Population Ecology (WIS 4501),,Windows,,2 - 4 years old,Rarely,,,,,,,,,,,,,,,,,,,,,,,,,,,,,,,,,,,,,,,,,,,,,,,,,,,,,,,,,,,,,,,,,,,,,,,,,,,,
12/2/24 16:51,12/2/24 16:52,24,87,FALSE,12/9/24 16:52,R_68NXaQVT8PUYg2l,,,,,anonymous,EN,"I consent, begin the study",e7d8b257,Quantitative Wildlife Ecology (WIS 4601),,Other,none,Mac,,6+ years old,Sometimes,,,,,,,,,,,,,,,,,,,,,,,,,,,,,,,,,,,,,,,,,,,,,,,,,,,,,,,,,,,,,,,,,,,,,,,,,,,,
12/3/24 20:46,12/3/24 20:46,3,3,FALSE,12/10/24 20:47,R_14kFXtkXZ2S2qfb,,,,,anonymous,EN,"I consent, begin the study",,,,,,,,,,,,,,,,,,,,,,,,,,,,,,,,,,,,,,,,,,,,,,,,,,,,,,,,,,,,,,,,,,,,,,,,,,,,,,,,,,,,,
12/4/24 14:27,12/4/24 14:28,3,47,FALSE,12/11/24 14:28,R_4njaT0QvJmusOm3,,,,,anonymous,EN,"I consent, begin the study",,,,,,,,,,,,,,,,,,,,,,,,,,,,,,,,,,,,,,,,,,,,,,,,,,,,,,,,,,,,,,,,,,,,,,,,,,,,,,,,,,,,,
12/2/25 8:34,12/2/25 8:45,100,650,TRUE,12/2/25 8:45,R_1qeUzjNACx1WjAb,,,,,anonymous,EN,"I consent, begin the study",398f5a9b,Computational Problem Solving in Wildlife Ecology Using R (WIS 4934),,Other,none,Windows,,2 - 4 years old,Never,"Through R, I would input the data into a project, then use a plot() function to create a graph. I would use various arguments to create labels, add color, and any other keys that I would want. ","There is a lot of language to learn, and it can be hard to know exactly what code to use in what exact order to make it run properly. Even a simple mistake can mess up the entire thing. ","I feel better prepared to handle data I get from field work, as well as more experienced and equipped for research. ",Very unlikely,Somewhat likely,High anxiety,Moderate anxiety,Moderate anxiety,Moderate anxiety,,Slightly proficient,No proficiency,No proficiency,,Slightly proficient,No proficiency,No proficiency,No proficiency,No proficiency,Slightly proficient,No proficiency,No proficiency,Slightly proficient,No proficiency,Slightly proficient,Moderately proficient,No proficiency,Moderately proficient,Moderately proficient,Very proficient,Moderately proficient,Moderately proficient,Moderately proficient,Slightly proficient,Very proficient,Moderately proficient,Moderately proficient,Slightly proficient,Moderately proficient,No proficiency,Slightly proficient,Moderately proficient,Moderately proficient,Moderately proficient,Slightly proficient,Slightly proficient,Moderately proficient,No proficiency,Slightly proficient,Moderately proficient,Moderately proficient,Moderately proficient,Moderately proficient,Moderately comfortable,Moderately comfortable,Moderately comfortable,30 minutes - 1 hour,Slightly technologically proficient,Moderate effort,Very engaged,Not interested,Moderately interested,Very helpful,Moderately interested,20,Female,White or Caucasian,No,Wildlife Ecology and Conservation ,Junior,No,No,No,No,I'm not sure,No
12/2/25 9:35,12/2/25 9:47,100,747,TRUE,12/2/25 9:47,R_5X8rXYIb3NpVnSV,,,,,anonymous,EN,"I consent, begin the study",1eeb4ea7,Introduction to Wildlife Population Ecology (WIS 4501),,Quantitative Wildlife Ecology (WIS 4601),,Mac,,2 - 4 years old,Rarely,Using Rstudio,"None. There are a lot of different ways to do something, but there is information and tutorials online. ",Being able to visually interpret data and present it to others in a clear way. Also being able to predict how populations will react to changes. ,Very likely,Very likely,Low anxiety,Low anxiety,Very low anxiety,Low anxiety,Slightly proficient,Moderately proficient,Slightly proficient,No proficiency,Moderately proficient,Moderately proficient,Slightly proficient,No proficiency,Very proficient,Moderately proficient,Moderately proficient,No proficiency,Moderately proficient,Moderately proficient,Slightly proficient,Extremely proficient,Moderately proficient,No proficiency,Extremely proficient,Moderately proficient,Extremely proficient,Moderately proficient,Very proficient,Very proficient,Moderately proficient,Extremely proficient,Very proficient,No proficiency,Moderately proficient,Very proficient,Moderately proficient,Slightly proficient,Slightly proficient,Slightly proficient,Slightly proficient,Slightly proficient,Very proficient,Very proficient,Very proficient,Very proficient,Very proficient,Very proficient,Moderately proficient,Very proficient,Extremely comfortable,Extremely comfortable,Moderately comfortable,2 - 7 hours,Very technologically proficient,High effort,Extremely engaged,Extremely interested,Extremely interested,Extremely helpful,Extremely interested,22,Female,White or Caucasian,Yes,Wildlife Ecology & Conservation,Senior,Yes,No,Yes,Yes,No,
12/2/25 10:54,12/2/25 11:06,100,721,TRUE,12/2/25 11:06,R_7q7YkYCd8Fw4fBZ,,,,,anonymous,EN,"I consent, begin the study",6c882239,Computational Problem Solving in Wildlife Ecology Using R (WIS 4934),,Computational Problem Solving in Wildlife Ecology Using R (WIS 4934),,Windows,,2 - 4 years old,Rarely,"With my new knowledge of R, I would try to produce the graph in R. I would do this by uploading my data into the system and using those variables to produce the graph needed. If I had trouble with this, I would likely try making the graph in Excel as well. ","My biggest challenge in learning R is remembering everything, but there is where repetition is important. Over time I have started to get the hang of it more, but there are still times where I forget how something should be done or I cannot figure out the approach to it. It is basically learning a new language so it can be a lot to remember and then apply. ",I see numerous benefits from using R as it is a resourceful tool. I personally see it as a beneficial tool and a great skill to know. It is also great for resumes and for future job opportunities. ,Very unlikely,Very likely,High anxiety,Moderate anxiety,Low anxiety,Low anxiety,No proficiency,Very proficient,No proficiency,Slightly proficient,Very proficient,Very proficient,No proficiency,Slightly proficient,No proficiency,No proficiency,No proficiency,No proficiency,No proficiency,No proficiency,No proficiency,No proficiency,No proficiency,No proficiency,Extremely proficient,Extremely proficient,Very proficient,Very proficient,Extremely proficient,Very proficient,Very proficient,Extremely proficient,Extremely proficient,Very proficient,Extremely proficient,Extremely proficient,Very proficient,Very proficient,Moderately proficient,Very proficient,Very proficient,Extremely proficient,Extremely proficient,Extremely proficient,Very proficient,Very proficient,Moderately proficient,Very proficient,Very proficient,Extremely proficient,Extremely comfortable,Moderately comfortable,Moderately comfortable,5 - 30 minutes,Very technologically proficient,High effort,Very engaged,Slightly interested,Very interested,Extremely helpful,Very interested,22,Female,White or Caucasian,No,Natural Resource Conservation ,Senior,No,No,No,No,Yes,No
12/2/25 12:28,12/2/25 12:42,100,799,TRUE,12/2/25 12:42,R_7JOCtyiacPCfW6K,,,,,anonymous,EN,"I consent, begin the study",cbec6f92,Introduction to Wildlife Population Ecology (WIS 4501),,Quantitative Wildlife Ecology (WIS 4601),,Mac,,4 - 6 years old,Never,Either in R using ggplot or in Excel ,Classes that teach R do not require you to write your own code. You can get through Quantitative Ecology and Population Ecology just by copying and pasting code and editing the code written by the professor. ,"It is a skill I can put on my CV and I will probably need to use it in future research jobs, so it is good to know. ",Somewhat likely,Somewhat likely,Moderate anxiety,Moderate anxiety,Moderate anxiety,Moderate anxiety,Slightly proficient,Moderately proficient,No proficiency,No proficiency,Moderately proficient,Moderately proficient,No proficiency,No proficiency,Slightly proficient,Slightly proficient,Slightly proficient,Slightly proficient,Slightly proficient,Moderately proficient,Slightly proficient,Moderately proficient,Slightly proficient,Slightly proficient,Slightly proficient,Slightly proficient,Moderately proficient,Slightly proficient,Moderately proficient,Moderately proficient,Moderately proficient,Moderately proficient,Slightly proficient,Slightly proficient,Moderately proficient,Very proficient,Slightly proficient,Slightly proficient,Slightly proficient,Slightly proficient,No proficiency,Slightly proficient,Moderately proficient,Very proficient,Slightly proficient,Slightly proficient,Moderately proficient,Slightly proficient,No proficiency,Moderately proficient,Slightly comfortable,Moderately comfortable,Slightly comfortable,30 minutes - 1 hour,Moderately technologically proficient,Moderate effort,Very engaged,Moderately interested,Moderately interested,Very helpful,Slightly interested,21,Female,White or Caucasian,No,Wildlife Ecology and Conservation,Senior,No,No,No,No,No,
12/2/25 13:17,12/2/25 13:36,100,1140,TRUE,12/2/25 13:36,R_6eSi8uW5FogBlUl,,,,,anonymous,EN,"I consent, begin the study",8d3608bf,Computational Problem Solving in Wildlife Ecology Using R (WIS 4934),,Other,none,Other,ChromeOS,2 - 4 years old,Rarely,"Today, I would take the data from my written notebook, and enter it into a R workplace in positcloud, and use R to create the needed figures and analyses. Earlier, I would have used excel, but I feel that the ability to use code to sort, filter, or apply calculations to data is more intuitive to me personally.","The main challenges I still face with R involve my knowledge of the built in graphing functions in R. I still have issues remembering how to add specific changes that I want to graphs using R code, as I just haven't used these functions to make these changes enough. Some examples of this include adding lines of best fit, adding labels in specific locations, and changing the grid format.","The main benefit I see in R is that it is very intuitive compared to other languages, in that there is a lot less specification needed when defining and using objects. In other languages I've used, errors are much more common because some object wasn't defined in the correct way. ",Very unlikely,Very likely,Low anxiety,High anxiety,Low anxiety,Moderate anxiety,No proficiency,Moderately proficient,Moderately proficient,No proficiency,Moderately proficient,Moderately proficient,Moderately proficient,No proficiency,No proficiency,Slightly proficient,No proficiency,Extremely proficient,Slightly proficient,No proficiency,Very proficient,Moderately proficient,No proficiency,No proficiency,Very proficient,Very proficient,Moderately proficient,Extremely proficient,Extremely proficient,Very proficient,Very proficient,Very proficient,Very proficient,Slightly proficient,Very proficient,Extremely proficient,Slightly proficient,Extremely proficient,Slightly proficient,Very proficient,Moderately proficient,Slightly proficient,Very proficient,Extremely proficient,Slightly proficient,Extremely proficient,Slightly proficient,Very proficient,Moderately proficient,Moderately proficient,Moderately comfortable,Extremely comfortable,Extremely comfortable,1 - 2 hours,Very technologically proficient,Moderate effort,Moderately engaged,Moderately interested,Moderately interested,Moderately helpful,Very interested,21,Male,White or Caucasian,No,Biology,Senior,No,No,No,No,Yes,Yes
12/2/25 11:35,12/2/25 13:49,100,7989,TRUE,12/2/25 13:49,R_3W4asZdevX6BByF,,,,,anonymous,EN,"I consent, begin the study",754765b8,Introduction to Wildlife Population Ecology (WIS 4501),,"Computational Problem Solving in Wildlife Ecology Using R (WIS 4934),Introduction to Wildlife Population Ecology (WIS 4501),Quantitative Wildlife Ecology (WIS 4601)",,Mac,,2 - 4 years old,Never,"To make a graph in R, I would first load my dataset, summarize my data and check that the variables are formatted correctly. Then I would use a  function like barplot() for bar graphs or plot() for scatter plots. I would add labels, colors, or titles/axises to make a clear formatted graph. Once it looks good, I would save the plot by exporting it as a pdf.","A challenge for me when learning R is that my other classes take up a lot of my time. This makes it harder to practice coding. When I go too long without using R, it’s easy to forget certain steps. I need more consistency even when I’m not enrolled taking a course. ","Higher paid job positions. 
Being a qualified individual carrying a unique skill to have. 
Being able to analytically and statically use a program to determine management methods. 
",Very unlikely,Very likely,Low anxiety,Low anxiety,Low anxiety,Low anxiety,Slightly proficient,Slightly proficient,No proficiency,No proficiency,Moderately proficient,Moderately proficient,No proficiency,No proficiency,Slightly proficient,Slightly proficient,Slightly proficient,Slightly proficient,Slightly proficient,Slightly proficient,No proficiency,Very proficient,Slightly proficient,Slightly proficient,Very proficient,Very proficient,Very proficient,Moderately proficient,Moderately proficient,Very proficient,Slightly proficient,Extremely proficient,Very proficient,Moderately proficient,Slightly proficient,Slightly proficient,Slightly proficient,Slightly proficient,Slightly proficient,Slightly proficient,Slightly proficient,Slightly proficient,Moderately proficient,Moderately proficient,Slightly proficient,Moderately proficient,Moderately proficient,Moderately proficient,Moderately proficient,Very proficient,Very comfortable,Very comfortable,Very comfortable,1 - 2 hours,Moderately technologically proficient,High effort,Very engaged,Very interested,Extremely interested,Extremely helpful,Very interested,21,Female,White or Caucasian,Yes,Wildlife Ecology and Conservation,Senior,No,No,No,No,Yes,Yes
12/2/25 18:37,12/2/25 19:03,100,1550,TRUE,12/2/25 19:03,R_7pM5SVwI2FSGKDK,,,,,anonymous,EN,"I consent, begin the study",e629def9,Computational Problem Solving in Wildlife Ecology Using R (WIS 4934),,Other,None,Windows,,2 - 4 years old,Never,"Canva for basic graphs, but R Studio over Excel. ","Little application in my current work, in addition to my minimal math background. However, if I saw myself working with quantitative data in the future, I recognize its value as a valuable skill to have. ","Data transparency, replicability, and uniformity within the ecology field",Very unlikely,Somewhat likely,Very high anxiety,Very high anxiety,Moderate anxiety,Moderate anxiety,No proficiency,Moderately proficient,No proficiency,No proficiency,Slightly proficient,Very proficient,No proficiency,No proficiency,No proficiency,No proficiency,No proficiency,No proficiency,No proficiency,No proficiency,No proficiency,No proficiency,No proficiency,No proficiency,Moderately proficient,Moderately proficient,Moderately proficient,Slightly proficient,Slightly proficient,Moderately proficient,Moderately proficient,Slightly proficient,Slightly proficient,Slightly proficient,Slightly proficient,No proficiency,No proficiency,No proficiency,No proficiency,No proficiency,No proficiency,No proficiency,Slightly proficient,Moderately proficient,No proficiency,Slightly proficient,Slightly proficient,No proficiency,Slightly proficient,Slightly proficient,Very comfortable,Extremely comfortable,Slightly comfortable,2 - 7 hours,Moderately technologically proficient,Very high effort,Extremely engaged,Slightly interested,Moderately interested,Slightly helpful,Slightly interested,38,Female,White or Caucasian,No,Human Dimensions in WEC,Graduate degree program,No,No,No,No,No,
12/8/25 10:34,12/8/25 10:44,100,631,TRUE,12/8/25 10:44,R_6Qsy41eMmFht2Tw,,,,,anonymous,EN,"I consent, begin the study",0309c070,Other,Insect Ecology Lab (ENY4201),Other, Insect Research CURE (ENY 2890),Mac,,2 - 4 years old,Sometimes,"To produce a graph for a lab report, I would convert the data into a format that can be read by R, then go into R and call that data file's location to read it. Then I would download the required packages and enter the code for generating the particular graph of interest. ","I feel that there is a lot of possibilities and options with using R, and at times I am not sure what I should do to proceed to the next step.",Using these programs allows me to convert numerical data into visual representations and figures which can then be used in a presentation or paper. These figures help expand upon the main points and keep viewer interest.,Somewhat likely,Very likely,Moderate anxiety,Very low anxiety,Moderate anxiety,Very low anxiety,Slightly proficient,Very proficient,Moderately proficient,No proficiency,Moderately proficient,Very proficient,Moderately proficient,No proficiency,Slightly proficient,Slightly proficient,Moderately proficient,Slightly proficient,Moderately proficient,Moderately proficient,Slightly proficient,Slightly proficient,Slightly proficient,No proficiency,Very proficient,Moderately proficient,Very proficient,Slightly proficient,Moderately proficient,Very proficient,Moderately proficient,Moderately proficient,Slightly proficient,No proficiency,Very proficient,Very proficient,Very proficient,Extremely proficient,Very proficient,Extremely proficient,Extremely proficient,Extremely proficient,Extremely proficient,Extremely proficient,Extremely proficient,Extremely proficient,Very proficient,Extremely proficient,Extremely proficient,Extremely proficient,Slightly comfortable,Very comfortable,Extremely comfortable,5 - 30 minutes,Moderately technologically proficient,High effort,Extremely engaged,Very interested,Very interested,Very helpful,Very interested,20,Male,Asian,No,Entomology and Nematology,Junior,No,No,No,No,Yes,Yes
12/2/25 7:20,12/2/25 7:20,3,4,FALSE,12/9/25 7:20,R_1DYxGCH4pp9nMi7,,,,,anonymous,EN,"I consent, begin the study",,,,,,,,,,,,,,,,,,,,,,,,,,,,,,,,,,,,,,,,,,,,,,,,,,,,,,,,,,,,,,,,,,,,,,,,,,,,,,,,,,,,,
12/2/25 8:16,12/2/25 8:16,3,15,FALSE,12/9/25 8:16,R_3LCNYnd5TZf5XgV,,,,,anonymous,EN,"I consent, begin the study",,,,,,,,,,,,,,,,,,,,,,,,,,,,,,,,,,,,,,,,,,,,,,,,,,,,,,,,,,,,,,,,,,,,,,,,,,,,,,,,,,,,,
12/2/25 9:06,12/2/25 9:07,24,73,FALSE,12/9/25 9:07,R_7FE4fuxxc1E9hrH,,,,,anonymous,EN,"I consent, begin the study",8015989c,Introduction to Wildlife Population Ecology (WIS 4501),,Quantitative Wildlife Ecology (WIS 4601),,Mac,,6+ years old,Rarely,,,,,,,,,,,,,,,,,,,,,,,,,,,,,,,,,,,,,,,,,,,,,,,,,,,,,,,,,,,,,,,,,,,,,,,,,,,,
12/2/25 16:40,12/2/25 16:40,3,29,FALSE,12/9/25 16:40,R_6pmPHFxy2tB3m9y,,,,,anonymous,EN,"I consent, begin the study",,,,,,,,,,,,,,,,,,,,,,,,,,,,,,,,,,,,,,,,,,,,,,,,,,,,,,,,,,,,,,,,,,,,,,,,,,,,,,,,,,,,,
12/2/25 8:44,12/3/25 9:33,24,89354,FALSE,12/10/25 9:33,R_6jSSSH8AG8QvtQt,,,,,anonymous,EN,"I consent, begin the study",f8c38a92,Introduction to Wildlife Population Ecology (WIS 4501),,Other,none,Windows,,0 - 2 years old,Rarely,,,,,,,,,,,,,,,,,,,,,,,,,,,,,,,,,,,,,,,,,,,,,,,,,,,,,,,,,,,,,,,,,,,,,,,,,,,,
12/5/25 11:35,12/5/25 11:37,24,87,FALSE,12/12/25 11:37,R_3Otesb5t02bVsNr,,,,,anonymous,EN,"I consent, begin the study",87acb443,"Introduction to Wildlife Population Ecology (WIS 4501),Quantitative Wildlife Ecology (WIS 4601)",,Other,Conservation Genetics (WIS 3553C),Windows,,0 - 2 years old,Rarely,,,,,,,,,,,,,,,,,,,,,,,,,,,,,,,,,,,,,,,,,,,,,,,,,,,,,,,,,,,,,,,,,,,,,,,,,,,,
12/10/25 15:42,12/10/25 15:43,24,73,FALSE,12/17/25 15:43,R_3vZiUFJdan8L98t,,,,,anonymous,EN,"I consent, begin the study",3865c186,"Computational Problem Solving in Wildlife Ecology Using R (WIS 4934),Introduction to Wildlife Population Ecology (WIS 4501)",,Quantitative Wildlife Ecology (WIS 4601),,Windows,,4 - 6 years old,Rarely,,,,,,,,,,,,,,,,,,,,,,,,,,,,,,,,,,,,,,,,,,,,,,,,,,,,,,,,,,,,,,,,,,,,,,,,,,,,